source_system,catalog_name,source_key,source_label,order_position,active
ARISSTO,COUNTRY,0000,Mundo,1,true
ARISSTO,COUNTRY,0004,Afganistán,2,true
ARISSTO,COUNTRY,0008,Albania,3,true
ARISSTO,COUNTRY,0010,Antártida,4,true
ARISSTO,COUNTRY,0012,Argelia,5,true
ARISSTO,COUNTRY,0016,Samoa Americana,6,true
ARISSTO,COUNTRY,0020,Andorra,7,true
ARISSTO,COUNTRY,0024,Angola,8,true
ARISSTO,COUNTRY,0028,Antigua y Barbuda,9,true
ARISSTO,COUNTRY,0031,Azerbaiyán,10,true
ARISSTO,COUNTRY,0032,Argentina,11,true
ARISSTO,COUNTRY,0036,Australia,12,true
ARISSTO,COUNTRY,0040,Austria,13,true
ARISSTO,COUNTRY,0044,Bahamas,14,true
ARISSTO,COUNTRY,0048,Bahrein,15,true
ARISSTO,COUNTRY,0050,Bangladesh,16,true
ARISSTO,COUNTRY,0051,Armenia,17,true
ARISSTO,COUNTRY,0052,Barbados,18,true
ARISSTO,COUNTRY,0056,Bélgica,19,true
ARISSTO,COUNTRY,0058,Bélgica-Luxemburgo,20,true
ARISSTO,COUNTRY,0060,Bermudas,21,true
ARISSTO,COUNTRY,0064,Bhután,22,true
ARISSTO,COUNTRY,0068,Bolivia,23,true
ARISSTO,COUNTRY,0070,Bosnia y Herzegovina,24,true
ARISSTO,COUNTRY,0072,Botswana,25,true
ARISSTO,COUNTRY,0074,Isla Bouvet,26,true
ARISSTO,COUNTRY,0076,Brasil,27,true
ARISSTO,COUNTRY,0080,Territorio Antártico Británico,28,true
ARISSTO,COUNTRY,0084,Belice,29,true
ARISSTO,COUNTRY,0086,Territorio Británico del Océano ??ndico,30,true
ARISSTO,COUNTRY,0090,Islas Salomón,31,true
ARISSTO,COUNTRY,0092,Islas Vírgenes Británicas,32,true
ARISSTO,COUNTRY,0096,Brunei Darussalam,33,true
ARISSTO,COUNTRY,0100,Bulgaria,34,true
ARISSTO,COUNTRY,0104,Myanmar,35,true
ARISSTO,COUNTRY,0108,Burundi,36,true
ARISSTO,COUNTRY,0112,Belarús,37,true
ARISSTO,COUNTRY,0116,Camboya,38,true
ARISSTO,COUNTRY,0120,Camerún,39,true
ARISSTO,COUNTRY,0124,Canadá,40,true
ARISSTO,COUNTRY,0132,Cabo Verde,41,true
ARISSTO,COUNTRY,0136,Islas Caimán,42,true
ARISSTO,COUNTRY,0140,República Centroafricana,43,true
ARISSTO,COUNTRY,0144,Sri Lanka,44,true
ARISSTO,COUNTRY,0148,Chad,45,true
ARISSTO,COUNTRY,0152,Chile,46,true
ARISSTO,COUNTRY,0156,China,47,true
ARISSTO,COUNTRY,0158,"Taiwán, China",48,true
ARISSTO,COUNTRY,0162,Isla de Navidad,49,true
ARISSTO,COUNTRY,0166,Islas Cocos (Keeling),50,true
ARISSTO,COUNTRY,0170,Colombia,51,true
ARISSTO,COUNTRY,0174,Comoras,52,true
ARISSTO,COUNTRY,0175,Mayotte,53,true
ARISSTO,COUNTRY,0178,"Congo, Rep. del",54,true
ARISSTO,COUNTRY,0180,"Congo, Rep. Dem. del",55,true
ARISSTO,COUNTRY,0184,Islas Cook,56,true
ARISSTO,COUNTRY,0188,Costa Rica,57,true
ARISSTO,COUNTRY,0191,Croacia,58,true
ARISSTO,COUNTRY,0192,Cuba,59,true
ARISSTO,COUNTRY,0196,Chipre,60,true
ARISSTO,COUNTRY,0200,Checoslovaquia,61,true
ARISSTO,COUNTRY,0203,República Checa,62,true
ARISSTO,COUNTRY,0204,Benin,63,true
ARISSTO,COUNTRY,0208,Dinamarca,64,true
ARISSTO,COUNTRY,0212,Dominica,65,true
ARISSTO,COUNTRY,0214,República Dominicana,66,true
ARISSTO,COUNTRY,0218,Ecuador,67,true
ARISSTO,COUNTRY,0222,El Salvador,68,true
ARISSTO,COUNTRY,0226,Guinea Ecuatorial,69,true
ARISSTO,COUNTRY,0230,Etiopía (incluida Eritrea),70,true
ARISSTO,COUNTRY,0231,Etiopía (excluida Eritrea),71,true
ARISSTO,COUNTRY,0232,Eritrea,72,true
ARISSTO,COUNTRY,0233,Estonia,73,true
ARISSTO,COUNTRY,0234,Islas Feroe,74,true
ARISSTO,COUNTRY,0238,Islas Falkland,75,true
ARISSTO,COUNTRY,0239,Islas Georgias del Sur y Sandwich del Sur,76,true
ARISSTO,COUNTRY,0242,Fiji,77,true
ARISSTO,COUNTRY,0246,Finlandia,78,true
ARISSTO,COUNTRY,0248,Åland Islands,79,true
ARISSTO,COUNTRY,0250,Francia,80,true
ARISSTO,COUNTRY,0254,Guayana Francesa,81,true
ARISSTO,COUNTRY,0258,Polinesia Francesa,82,true
ARISSTO,COUNTRY,0260,Tierras Australes y Antárticas Francesas,83,true
ARISSTO,COUNTRY,0262,Djibouti,84,true
ARISSTO,COUNTRY,0266,Gabón,85,true
ARISSTO,COUNTRY,0268,Georgia,86,true
ARISSTO,COUNTRY,0270,Gambia,87,true
ARISSTO,COUNTRY,0274,Gaza Strip,88,true
ARISSTO,COUNTRY,0275,Territorio Palestino Ocupado,89,true
ARISSTO,COUNTRY,0276,Alemania,90,true
ARISSTO,COUNTRY,0278,República Democrática Alemana,91,true
ARISSTO,COUNTRY,0288,Ghana,92,true
ARISSTO,COUNTRY,0292,Gibraltar,93,true
ARISSTO,COUNTRY,0296,Kiribati,94,true
ARISSTO,COUNTRY,0300,Grecia,95,true
ARISSTO,COUNTRY,0304,Groenlandia,96,true
ARISSTO,COUNTRY,0308,Granada,97,true
ARISSTO,COUNTRY,0312,Guadalupe,98,true
ARISSTO,COUNTRY,0316,Guam,99,true
ARISSTO,COUNTRY,0320,Guatemala,100,true
ARISSTO,COUNTRY,0324,Guinea,101,true
ARISSTO,COUNTRY,0328,Guyana,102,true
ARISSTO,COUNTRY,0332,Haití,103,true
ARISSTO,COUNTRY,0334,Islas Heard y McDonald,104,true
ARISSTO,COUNTRY,0336,Santa Sede,105,true
ARISSTO,COUNTRY,0340,Honduras,106,true
ARISSTO,COUNTRY,0344,Hong Kong (China),107,true
ARISSTO,COUNTRY,0348,Hungría,108,true
ARISSTO,COUNTRY,0352,Islandia,109,true
ARISSTO,COUNTRY,0356,India,110,true
ARISSTO,COUNTRY,0360,Indonesia,111,true
ARISSTO,COUNTRY,0364,"Irán, Rep. Islámica del",112,true
ARISSTO,COUNTRY,0368,Iraq,113,true
ARISSTO,COUNTRY,0372,Irlanda,114,true
ARISSTO,COUNTRY,0376,Israel,115,true
ARISSTO,COUNTRY,0380,Italia,116,true
ARISSTO,COUNTRY,0384,Côte d'Ivoire,117,true
ARISSTO,COUNTRY,0388,Jamaica,118,true
ARISSTO,COUNTRY,0392,Japón,119,true
ARISSTO,COUNTRY,0396,Jhonston Island,120,true
ARISSTO,COUNTRY,0398,Kazajstán,121,true
ARISSTO,COUNTRY,0400,Jordania,122,true
ARISSTO,COUNTRY,0404,Kenya,123,true
ARISSTO,COUNTRY,0408,"Corea, Rep. Dem. de",124,true
ARISSTO,COUNTRY,0410,"Corea, Rep. de",125,true
ARISSTO,COUNTRY,0412,Kosovo,126,true
ARISSTO,COUNTRY,0414,Kuwait,127,true
ARISSTO,COUNTRY,0417,Kirguistán,128,true
ARISSTO,COUNTRY,0418,República Democrática Popular Lao,129,true
ARISSTO,COUNTRY,0422,Líbano,130,true
ARISSTO,COUNTRY,0426,Lesotho,131,true
ARISSTO,COUNTRY,0428,Letonia,132,true
ARISSTO,COUNTRY,0430,Liberia,133,true
ARISSTO,COUNTRY,0434,Libia,134,true
ARISSTO,COUNTRY,0438,Liechtenstein,135,true
ARISSTO,COUNTRY,0440,Lituania,136,true
ARISSTO,COUNTRY,0442,Luxemburgo,137,true
ARISSTO,COUNTRY,0446,Macao,138,true
ARISSTO,COUNTRY,0450,Madagascar,139,true
ARISSTO,COUNTRY,0454,Malawi,140,true
ARISSTO,COUNTRY,0457,Sarawak,141,true
ARISSTO,COUNTRY,0458,Malasia,142,true
ARISSTO,COUNTRY,0459,Pen Malaysia,143,true
ARISSTO,COUNTRY,0461,Sabah,144,true
ARISSTO,COUNTRY,0462,Maldivas,145,true
ARISSTO,COUNTRY,0466,Malí,146,true
ARISSTO,COUNTRY,0470,Malta,147,true
ARISSTO,COUNTRY,0474,Martinica,148,true
ARISSTO,COUNTRY,0478,Mauritania,149,true
ARISSTO,COUNTRY,0480,Mauricio,150,true
ARISSTO,COUNTRY,0484,México,151,true
ARISSTO,COUNTRY,0488,Midway Islands,152,true
ARISSTO,COUNTRY,0490,"Otra zona de Asia, no esp.",153,true
ARISSTO,COUNTRY,0492,Mónaco,154,true
ARISSTO,COUNTRY,0496,Mongolia,155,true
ARISSTO,COUNTRY,0498,República de Moldova,156,true
ARISSTO,COUNTRY,0499,Montenegro,157,true
ARISSTO,COUNTRY,0500,Montserrat,158,true
ARISSTO,COUNTRY,0504,Marruecos,159,true
ARISSTO,COUNTRY,0508,Mozambique,160,true
ARISSTO,COUNTRY,0512,Omán,161,true
ARISSTO,COUNTRY,0516,Namibia,162,true
ARISSTO,COUNTRY,0520,Nauru,163,true
ARISSTO,COUNTRY,0524,Nepal,164,true
ARISSTO,COUNTRY,0528,Países Bajos,165,true
ARISSTO,COUNTRY,0530,Antillas Neerlandesas,166,true
ARISSTO,COUNTRY,0531,Curacao,167,true
ARISSTO,COUNTRY,0533,Aruba,168,true
ARISSTO,COUNTRY,0534,San Martín,169,true
ARISSTO,COUNTRY,0535,Bonaire,170,true
ARISSTO,COUNTRY,0540,Nueva Caledonia,171,true
ARISSTO,COUNTRY,0548,Vanuatu,172,true
ARISSTO,COUNTRY,0554,Nueva Zelandia,173,true
ARISSTO,COUNTRY,0558,Nicaragua,174,true
ARISSTO,COUNTRY,0562,Níger,175,true
ARISSTO,COUNTRY,0566,Nigeria,176,true
ARISSTO,COUNTRY,0570,Niue,177,true
ARISSTO,COUNTRY,0574,Isla Norfolk,178,true
ARISSTO,COUNTRY,0578,Noruega,179,true
ARISSTO,COUNTRY,0580,Mariana,180,true
ARISSTO,COUNTRY,0581,Islas Ultramarinas Menores de Estados Unidos,181,true
ARISSTO,COUNTRY,0582,Islas del Pacífico,182,true
ARISSTO,COUNTRY,0583,"Micronesia, Estados Fed. de",183,true
ARISSTO,COUNTRY,0584,Islas Marshall,184,true
ARISSTO,COUNTRY,0585,Palau,185,true
ARISSTO,COUNTRY,0586,Pakistán,186,true
ARISSTO,COUNTRY,0591,Panamá,187,true
ARISSTO,COUNTRY,0592,Fm Panama Cz,188,true
ARISSTO,COUNTRY,0598,Papua Nueva Guinea,189,true
ARISSTO,COUNTRY,0600,Paraguay,190,true
ARISSTO,COUNTRY,0604,Perú,191,true
ARISSTO,COUNTRY,0608,Filipinas,192,true
ARISSTO,COUNTRY,0612,Pitcairn,193,true
ARISSTO,COUNTRY,0616,Polonia,194,true
ARISSTO,COUNTRY,0620,Portugal,195,true
ARISSTO,COUNTRY,0624,Guinea-Bissau,196,true
ARISSTO,COUNTRY,0626,Timor Oriental,197,true
ARISSTO,COUNTRY,0630,Puerto Rico,198,true
ARISSTO,COUNTRY,0634,Qatar,199,true
ARISSTO,COUNTRY,0638,Reunión,200,true
ARISSTO,COUNTRY,0642,Rumania,201,true
ARISSTO,COUNTRY,0643,Federación de Rusia,202,true
ARISSTO,COUNTRY,0646,Rwanda,203,true
ARISSTO,COUNTRY,0647,Ryukyu Is,204,true
ARISSTO,COUNTRY,0654,Santa Elena,205,true
ARISSTO,COUNTRY,0658,Saint Kitts-Nevis-Anguilla-Aru,206,true
ARISSTO,COUNTRY,0659,Saint Kitts y Nevis,207,true
ARISSTO,COUNTRY,0660,Anguila,208,true
ARISSTO,COUNTRY,0662,Santa Lucía,209,true
ARISSTO,COUNTRY,0666,San Pedro y Miquelón,210,true
ARISSTO,COUNTRY,0670,San Vicente y las Granadinas,211,true
ARISSTO,COUNTRY,0674,San Marino,212,true
ARISSTO,COUNTRY,0678,Santo Tomé y Príncipe,213,true
ARISSTO,COUNTRY,0682,Arabia Saudita,214,true
ARISSTO,COUNTRY,0686,Senegal,215,true
ARISSTO,COUNTRY,0690,Seychelles,216,true
ARISSTO,COUNTRY,0694,Sierra Leona,217,true
ARISSTO,COUNTRY,0698,SIKKIM,218,true
ARISSTO,COUNTRY,0702,Singapur,219,true
ARISSTO,COUNTRY,0703,República Eslovaca,220,true
ARISSTO,COUNTRY,0704,Viet Nam,221,true
ARISSTO,COUNTRY,0705,Eslovenia,222,true
ARISSTO,COUNTRY,0706,Somalia,223,true
ARISSTO,COUNTRY,0710,Sudáfrica,224,true
ARISSTO,COUNTRY,0716,Zimbabwe,225,true
ARISSTO,COUNTRY,0717,Fm Rhod Nyas,226,true
ARISSTO,COUNTRY,0720,"Yemen, Rep. Dem. Del",227,true
ARISSTO,COUNTRY,0724,España,228,true
ARISSTO,COUNTRY,0728,Sudán del Sur,229,true
ARISSTO,COUNTRY,0729,Sudán,230,true
ARISSTO,COUNTRY,0732,Sahara Occidental,231,true
ARISSTO,COUNTRY,0736,Ex Sudán,232,true
ARISSTO,COUNTRY,0740,Suriname,233,true
ARISSTO,COUNTRY,0744,Svalbard and Jan Mayen Is,234,true
ARISSTO,COUNTRY,0748,Swazilandia,235,true
ARISSTO,COUNTRY,0752,Suecia,236,true
ARISSTO,COUNTRY,0756,Suiza,237,true
ARISSTO,COUNTRY,0760,República ??rabe Siria,238,true
ARISSTO,COUNTRY,0762,Tayikistán,239,true
ARISSTO,COUNTRY,0764,Tailandia,240,true
ARISSTO,COUNTRY,0768,Togo,241,true
ARISSTO,COUNTRY,0772,Tokelau,242,true
ARISSTO,COUNTRY,0776,Tonga,243,true
ARISSTO,COUNTRY,0780,Trinidad y Tobago,244,true
ARISSTO,COUNTRY,0784,Emiratos ??rabes Unidos,245,true
ARISSTO,COUNTRY,0788,Túnez,246,true
ARISSTO,COUNTRY,0792,Turquía,247,true
ARISSTO,COUNTRY,0795,Turkmenistán,248,true
ARISSTO,COUNTRY,0796,Islas Turcas y Caicos,249,true
ARISSTO,COUNTRY,0798,Tuvalu,250,true
ARISSTO,COUNTRY,0800,Uganda,251,true
ARISSTO,COUNTRY,0804,Ucrania,252,true
ARISSTO,COUNTRY,0807,"Macedonia, ex Rep. Yugoslava de",253,true
ARISSTO,COUNTRY,0810,Unión Soviética,254,true
ARISSTO,COUNTRY,0818,"Egipto, Rep. ??rabe de",255,true
ARISSTO,COUNTRY,0826,Reino Unido,256,true
ARISSTO,COUNTRY,0834,Tanzanía,257,true
ARISSTO,COUNTRY,0835,Fm Tanganyik,258,true
ARISSTO,COUNTRY,0836,Fm Zanz-Pemb,259,true
ARISSTO,COUNTRY,0837,Isla Bunker,260,true
ARISSTO,COUNTRY,0839,Categorías especiales,261,true
ARISSTO,COUNTRY,0840,Estados Unidos,262,true
ARISSTO,COUNTRY,0849,Comando I del Pacífico de Estados Unidos,263,true
ARISSTO,COUNTRY,0850,Islas Vírgenes (EE.UU.),264,true
ARISSTO,COUNTRY,0854,Burkina Faso,265,true
ARISSTO,COUNTRY,0858,Uruguay,266,true
ARISSTO,COUNTRY,0860,Uzbekistán,267,true
ARISSTO,COUNTRY,0862,Venezuela,268,true
ARISSTO,COUNTRY,0866,Fm Vietnam DR,269,true
ARISSTO,COUNTRY,0868,Fm Vietnam Rp,270,true
ARISSTO,COUNTRY,0872,Wake Island,271,true
ARISSTO,COUNTRY,0876,Islas Wallis y Futuna,272,true
ARISSTO,COUNTRY,0882,Samoa,273,true
ARISSTO,COUNTRY,0887,"Yemen, Rep. del",274,true
ARISSTO,COUNTRY,0890,"Yugoslavia, Rep. Fed. de (Serbia y Montenegro)",275,true
ARISSTO,COUNTRY,0891,"Serbia, Rep. Fed. de (Serbia y Montenegro)",276,true
ARISSTO,COUNTRY,0894,Zambia,277,true
ARISSTO,COUNTRY,0898,No especificados,278,true
ARISSTO,COUNTRY,0918,European Union,279,true
ARISSTO,STATE,00,Otro (Para extranjeros),1,true
ARISSTO,STATE,01,AHUACHAPAN,2,true
ARISSTO,STATE,02,SANTA ANA,3,true
ARISSTO,STATE,03,SONSONATE,4,true
ARISSTO,STATE,04,CHALATENANGO,5,true
ARISSTO,STATE,05,LA LIBERTAD,6,true
ARISSTO,STATE,06,SAN SALVADOR,7,true
ARISSTO,STATE,07,CUSCATLAN,8,true
ARISSTO,STATE,08,LA PAZ,9,true
ARISSTO,STATE,09,CABAÑAS,10,true
ARISSTO,STATE,10,SAN VICENTE,11,true
ARISSTO,STATE,11,USULUTAN,12,true
ARISSTO,STATE,12,SAN MIGUEL,13,true
ARISSTO,STATE,13,MORAZAN,14,true
ARISSTO,STATE,14,LA UNION,15,true
ARISSTO,STATE,15,Alabama (AL),16,true
ARISSTO,STATE,16,Alaska (AK),17,true
ARISSTO,STATE,17,Arizona (AZ),18,true
ARISSTO,STATE,18,Arkansas (AR),19,true
ARISSTO,STATE,19,California (CA),20,true
ARISSTO,STATE,20,Carolina del Norte (NC),21,true
ARISSTO,STATE,21,Carolina del Sur (SC),22,true
ARISSTO,STATE,22,Colorado (CO),23,true
ARISSTO,STATE,23,Connecticut (CT),24,true
ARISSTO,STATE,24,Dakota del Norte (ND),25,true
ARISSTO,STATE,25,Dakota del Sur (SD),26,true
ARISSTO,STATE,26,Delaware (DE),27,true
ARISSTO,STATE,27,Florida (FL),28,true
ARISSTO,STATE,28,Georgia (GA),29,true
ARISSTO,STATE,29,Hawái (HI),30,true
ARISSTO,STATE,30,Idaho (ID),31,true
ARISSTO,STATE,31,Illinois (IL),32,true
ARISSTO,STATE,32,Indiana (IN),33,true
ARISSTO,STATE,33,Iowa (IA),34,true
ARISSTO,STATE,34,Kansas (KS),35,true
ARISSTO,STATE,35,Kentucky (KY),36,true
ARISSTO,STATE,36,Luisiana (LA),37,true
ARISSTO,STATE,37,Maine (ME),38,true
ARISSTO,STATE,38,Maryland (MD),39,true
ARISSTO,STATE,39,Massachusetts (MA),40,true
ARISSTO,STATE,40,Míchigan (MI),41,true
ARISSTO,STATE,41,Minnesota (MN),42,true
ARISSTO,STATE,42,Misisipi (MS),43,true
ARISSTO,STATE,43,Misuri (MO),44,true
ARISSTO,STATE,44,Montana (MT),45,true
ARISSTO,STATE,45,Nebraska (NE),46,true
ARISSTO,STATE,46,Nevada (NV),47,true
ARISSTO,STATE,47,Nueva Jersey (NJ),48,true
ARISSTO,STATE,48,Nueva York (NY),49,true
ARISSTO,STATE,49,Nuevo Hampshire (NH),50,true
ARISSTO,STATE,50,Nuevo México (NM),51,true
ARISSTO,STATE,51,Ohio (OH),52,true
ARISSTO,STATE,52,Oklahoma (OK),53,true
ARISSTO,STATE,53,Oregón (OR),54,true
ARISSTO,STATE,54,Pensilvania (PA),55,true
ARISSTO,STATE,55,Rhode Island (RI),56,true
ARISSTO,STATE,56,Tennessee (TN),57,true
ARISSTO,STATE,57,Texas (TX),58,true
ARISSTO,STATE,58,Utah (UT),59,true
ARISSTO,STATE,59,Vermont (VT),60,true
ARISSTO,STATE,60,Virginia (VA),61,true
ARISSTO,STATE,61,Virginia Occidental (WV),62,true
ARISSTO,STATE,62,Washington (WA),63,true
ARISSTO,STATE,63,Wisconsin (WI),64,true
ARISSTO,STATE,64,Wyoming (WY),65,true
ARISSTO,STATE,65,Puerto Rico,66,true
ARISSTO,STATE,66,American Samoa,67,true
ARISSTO,STATE,67,District of Columbia,68,true
ARISSTO,STATE,68,Northern Mariana Islands,69,true
ARISSTO,STATE,69,Minor Outlying Islands,70,true
ARISSTO,STATE,70,United States Virgin Islands,71,true
ARISSTO,MARITAL STATUS,01,CASADO(A),1,true
ARISSTO,MARITAL STATUS,02,SOLTERO(A),2,true
ARISSTO,MARITAL STATUS,03,DIVORCIADO(A),3,true
ARISSTO,MARITAL STATUS,04,VIUDO(A),4,true
ARISSTO,MARITAL STATUS,05,ACOMPAÑADO(A),5,true
ARISSTO,CREDESAL_EDUCATION_LEVEL,1,EDUCACIÓN PARVULARIA,1,true
ARISSTO,CREDESAL_EDUCATION_LEVEL,2,EDUCACIÓN BÁSICA,2,true
ARISSTO,CREDESAL_EDUCATION_LEVEL,3,EDUCACIÓN MEDIA,3,true
ARISSTO,CREDESAL_EDUCATION_LEVEL,4,EDUCACIÓN SUPERIOR,4,true
ARISSTO,CREDESAL_EDUCATION_LEVEL,5,TÍTULO DE GRADO,5,true
ARISSTO,CREDESAL_EDUCATION_LEVEL,6,TÍTULO DE POSTGRADO,6,true
ARISSTO,PROFESSION,0001,ABOGADO Y NOTARIO,1,true
ARISSTO,PROFESSION,0002,ABOGADO(A),2,true
ARISSTO,PROFESSION,0003,ACTUARIO,3,true
ARISSTO,PROFESSION,0004,ACUICULTOR,4,true
ARISSTO,PROFESSION,0005,ADMINISTRADOR,5,true
ARISSTO,PROFESSION,0006,AEROTECNICO,6,true
ARISSTO,PROFESSION,0007,AGENTE DE SEGURIDAD PRIVADA,7,true
ARISSTO,PROFESSION,0008,AGENTE DE VENTAS,8,true
ARISSTO,PROFESSION,0009,AGENTE DE VIAJES,9,true
ARISSTO,PROFESSION,0010,AGENTE VENDEDOR,10,true
ARISSTO,PROFESSION,0011,AGRICULTOR,11,true
ARISSTO,PROFESSION,0012,AGRICULTOR(A) EN PEQUEÑO,12,true
ARISSTO,PROFESSION,0013,AGRONOMO,13,true
ARISSTO,PROFESSION,0014,ALBAÑIL,14,true
ARISSTO,PROFESSION,0015,ALFARERO(A),15,true
ARISSTO,PROFESSION,0016,ALISTADOR,16,true
ARISSTO,PROFESSION,0017,AMA DE CASA,17,true
ARISSTO,PROFESSION,0018,ANALISTA DE SISTEMAS,18,true
ARISSTO,PROFESSION,0019,ANESTESISTA,19,true
ARISSTO,PROFESSION,0020,ANTROPOLOGIA,20,true
ARISSTO,PROFESSION,0021,APICULTOR,21,true
ARISSTO,PROFESSION,0022,APRENDIZ DE MECANICA,22,true
ARISSTO,PROFESSION,0023,ARBITRO,23,true
ARISSTO,PROFESSION,0024,ARCHIVISTA,24,true
ARISSTO,PROFESSION,0025,ARMADOR,25,true
ARISSTO,PROFESSION,0026,ARQUITECTO,26,true
ARISSTO,PROFESSION,0027,ARTESANO,27,true
ARISSTO,PROFESSION,0028,ARTISTA,28,true
ARISSTO,PROFESSION,0029,ARTISTA PINTOR,29,true
ARISSTO,PROFESSION,0030,ASERRADOR,30,true
ARISSTO,PROFESSION,0031,ASESOR DE CREDITOS,31,true
ARISSTO,PROFESSION,0032,ASESOR DE MERCADEO,32,true
ARISSTO,PROFESSION,0033,ASESOR DE VTAS,33,true
ARISSTO,PROFESSION,0034,ASESOR EDUCATIVO,34,true
ARISSTO,PROFESSION,0035,ASISTENTE ADMINISTRATIVA,35,true
ARISSTO,PROFESSION,0036,ASISTENTE DENTAL,36,true
ARISSTO,PROFESSION,0037,ATLETA,37,true
ARISSTO,PROFESSION,0038,AUDITOR,38,true
ARISSTO,PROFESSION,0039,AUXILIAR DE BODEGA,39,true
ARISSTO,PROFESSION,0040,AUXILIAR DE CONSTRUCCION,40,true
ARISSTO,PROFESSION,0041,AUXILIAR DE CONTADOR,41,true
ARISSTO,PROFESSION,0042,AUXILIAR DE DIGITADOR,42,true
ARISSTO,PROFESSION,0043,AUXILIAR DE ENFERMERIA,43,true
ARISSTO,PROFESSION,0044,AUXILIAR DE LABORATORIO,44,true
ARISSTO,PROFESSION,0045,AVICULTOR,45,true
ARISSTO,PROFESSION,0046,AVICULTOR TECNICO,46,true
ARISSTO,PROFESSION,0047,AYUDANTE DE ALBAÑIL,47,true
ARISSTO,PROFESSION,0048,AYUDANTE DE MAQUINARIA PESADA,48,true
ARISSTO,PROFESSION,0049,AYUDANTE DE MECANICO,49,true
ARISSTO,PROFESSION,0050,AYUDANTE EN SALUD,50,true
ARISSTO,PROFESSION,0051,BACH. AGRICOLA,51,true
ARISSTO,PROFESSION,0052,BACH. COMERCIAL CONTADOR,52,true
ARISSTO,PROFESSION,0053,BACH. COMERCIAL SECRETARIA,53,true
ARISSTO,PROFESSION,0054,BACHIL. TEC. VOC. COMERCIAL,54,true
ARISSTO,PROFESSION,0055,BACHILLER,55,true
ARISSTO,PROFESSION,0056,BACHILLER ACADEMICO,56,true
ARISSTO,PROFESSION,0057,BACHILLER COMERCIAL,57,true
ARISSTO,PROFESSION,0058,BACHILLER COMERCIAL CONTADOR,58,true
ARISSTO,PROFESSION,0059,BACHILLER EN ARTE,59,true
ARISSTO,PROFESSION,0060,BACHILLER EN COMERCIO Y ADMON.,60,true
ARISSTO,PROFESSION,0061,BACHILLER EN COMPUTACION,61,true
ARISSTO,PROFESSION,0062,BACHILLER EN ELECTRICIDAD,62,true
ARISSTO,PROFESSION,0063,BACHILLER EN SALUD,63,true
ARISSTO,PROFESSION,0064,BACHILLER INDUSTRIAL,64,true
ARISSTO,PROFESSION,0065,BARBERO,65,true
ARISSTO,PROFESSION,0066,BARTENDER,66,true
ARISSTO,PROFESSION,0067,BIOLOGO,67,true
ARISSTO,PROFESSION,0068,BODEGUERO,68,true
ARISSTO,PROFESSION,0069,BORDADORA,69,true
ARISSTO,PROFESSION,0070,CADENERO,70,true
ARISSTO,PROFESSION,0071,CAFICULTOR/A,71,true
ARISSTO,PROFESSION,0072,CAJERO/A,72,true
ARISSTO,PROFESSION,0073,CANTANTE,73,true
ARISSTO,PROFESSION,0074,CANTAUTOR,74,true
ARISSTO,PROFESSION,0075,CARNICERO,75,true
ARISSTO,PROFESSION,0076,CARPINTERO,76,true
ARISSTO,PROFESSION,0077,CARROCERO,77,true
ARISSTO,PROFESSION,0078,CERAMISTA,78,true
ARISSTO,PROFESSION,0079,CERRAJERO,79,true
ARISSTO,PROFESSION,0080,CHEF,80,true
ARISSTO,PROFESSION,0081,COBRADOR,81,true
ARISSTO,PROFESSION,0082,COBRADOR DE BUS,82,true
ARISSTO,PROFESSION,0083,COCINERO/A,83,true
ARISSTO,PROFESSION,0084,COLABORADOR JURIDICO,84,true
ARISSTO,PROFESSION,0085,COMERCIANTE,85,true
ARISSTO,PROFESSION,0086,COMERCIANTE EN PEQUEÑO,86,true
ARISSTO,PROFESSION,0087,CONSERJE,87,true
ARISSTO,PROFESSION,0088,CONSTRUCTOR,88,true
ARISSTO,PROFESSION,0089,CONTADOR,89,true
ARISSTO,PROFESSION,0090,CONTADOR PUBLICO,90,true
ARISSTO,PROFESSION,0091,CONTRATISTA,91,true
ARISSTO,PROFESSION,0092,CONTROL DE CALIDAD,92,true
ARISSTO,PROFESSION,0093,CORRALERO,93,true
ARISSTO,PROFESSION,0094,CORREDOR(A) DE SEGUROS,94,true
ARISSTO,PROFESSION,0095,CORTADOR(A),95,true
ARISSTO,PROFESSION,0096,CORTE Y CONFECCION,96,true
ARISSTO,PROFESSION,0097,COSMETOLOGA,97,true
ARISSTO,PROFESSION,0098,COSTURERA INDUSTRIAL,98,true
ARISSTO,PROFESSION,0099,COSTURERA(O),99,true
ARISSTO,PROFESSION,0100,DECORADOR,100,true
ARISSTO,PROFESSION,0101,DEPENDIENTE,101,true
ARISSTO,PROFESSION,0102,DEPENDIENTE DE FARMACIA,102,true
ARISSTO,PROFESSION,0103,DEPORTISTA,103,true
ARISSTO,PROFESSION,0104,DESEMPLEADO(A),104,true
ARISSTO,PROFESSION,0105,DESTASADOR,105,true
ARISSTO,PROFESSION,0106,DIBUJANTE,106,true
ARISSTO,PROFESSION,0107,DIBUJANTE ARQUITECTONICO,107,true
ARISSTO,PROFESSION,0108,DIBUJANTE DE INGENIERO,108,true
ARISSTO,PROFESSION,0109,DIGITADOR,109,true
ARISSTO,PROFESSION,0110,DINAMITERO,110,true
ARISSTO,PROFESSION,0111,DISEÑADOR AMBIENTAL,111,true
ARISSTO,PROFESSION,0112,DISEÑADOR COMERCIAL,112,true
ARISSTO,PROFESSION,0113,DISEÑADOR GRAFICO,113,true
ARISSTO,PROFESSION,0114,DISEÑADOR(A),114,true
ARISSTO,PROFESSION,0115,DISEÑADOR(A) DE MODA,115,true
ARISSTO,PROFESSION,0116,DISK JOCKEY,116,true
ARISSTO,PROFESSION,0117,DISPLAY,117,true
ARISSTO,PROFESSION,0118,DOC.(A) EN QUIMICA Y FARMACIA,118,true
ARISSTO,PROFESSION,0119,DOCTOR EN FILOSOFIA,119,true
ARISSTO,PROFESSION,0120,DOCTORADO EDUACION ESP EN MED,120,true
ARISSTO,PROFESSION,0121,DOMESTICA,121,true
ARISSTO,PROFESSION,0122,DOMESTICOS,122,true
ARISSTO,PROFESSION,0123,DR(A) EN MEDICINA CIRUGIA,123,true
ARISSTO,PROFESSION,0124,DR.(A) EN CIRUGIA DENTAL,124,true
ARISSTO,PROFESSION,0125,DR.(A) EN MEDICINA,125,true
ARISSTO,PROFESSION,0126,DULCERO(A),126,true
ARISSTO,PROFESSION,0127,ECONOMISTA,127,true
ARISSTO,PROFESSION,0128,EJECUTIVA,128,true
ARISSTO,PROFESSION,0129,EJECUTIVO(A) DE VENTAS,129,true
ARISSTO,PROFESSION,0130,ELECTRICISTA,130,true
ARISSTO,PROFESSION,0131,ELECTRICISTA AUTOMOTRIZ,131,true
ARISSTO,PROFESSION,0132,ELECTRICISTA INDUSTRIAL,132,true
ARISSTO,PROFESSION,0133,ELECTROMECANICO,133,true
ARISSTO,PROFESSION,0134,EMPACADORA,134,true
ARISSTO,PROFESSION,0135,EMPLEADO,135,true
ARISSTO,PROFESSION,0136,EMPLEADO AGRICOLA,136,true
ARISSTO,PROFESSION,0137,EMPLEADO COMERCIAL,137,true
ARISSTO,PROFESSION,0138,EMPLEADO DE ASEO,138,true
ARISSTO,PROFESSION,0139,EMPLEADO INTEGRAL,139,true
ARISSTO,PROFESSION,0140,EMPLEADO(A) PÚBLICO(A),140,true
ARISSTO,PROFESSION,0141,EMPRESA,141,true
ARISSTO,PROFESSION,0142,EMPRESARIO,142,true
ARISSTO,PROFESSION,0143,EMPRESARIO DE BUSES,143,true
ARISSTO,PROFESSION,0144,EMPRESARIO INDUSTRIAL,144,true
ARISSTO,PROFESSION,0145,EMPRESARIO(A),145,true
ARISSTO,PROFESSION,0146,ENCIELADOR,146,true
ARISSTO,PROFESSION,0147,ENCUADERNADOR,147,true
ARISSTO,PROFESSION,0148,ENDEREZADOR Y PINTOR,148,true
ARISSTO,PROFESSION,0149,ENDEREZADOR Y PINTURA,149,true
ARISSTO,PROFESSION,0150,ENFERMERA(O) GRADUADA (0),150,true
ARISSTO,PROFESSION,0151,ENFERMERO(A) AUXILIAR,151,true
ARISSTO,PROFESSION,0152,ENFERMERO/A,152,true
ARISSTO,PROFESSION,0153,ENFIBRADOR,153,true
ARISSTO,PROFESSION,0154,ENSAMBLADOR,154,true
ARISSTO,PROFESSION,0155,ENTRENADOR(A),155,true
ARISSTO,PROFESSION,0156,ESCRIBIENTE,156,true
ARISSTO,PROFESSION,0157,ESCRITOR(A),157,true
ARISSTO,PROFESSION,0158,ESTAMPADOR,158,true
ARISSTO,PROFESSION,0159,ESTETISISTA,159,true
ARISSTO,PROFESSION,0160,ESTILISTA,160,true
ARISSTO,PROFESSION,0161,ESTUDIANTE,161,true
ARISSTO,PROFESSION,0162,EVANGELIZADOR,162,true
ARISSTO,PROFESSION,0163,EVANISTA,163,true
ARISSTO,PROFESSION,0164,FILARMONICO,164,true
ARISSTO,PROFESSION,0165,FISIOTERAPISTA,165,true
ARISSTO,PROFESSION,0166,FLORISTA,166,true
ARISSTO,PROFESSION,0167,FONTANERO,167,true
ARISSTO,PROFESSION,0168,FOTOGRAFO,168,true
ARISSTO,PROFESSION,0169,FUTBOLISTA,169,true
ARISSTO,PROFESSION,0170,GANADERO,170,true
ARISSTO,PROFESSION,0171,GEOGRAFO,171,true
ARISSTO,PROFESSION,0172,GERENTE,172,true
ARISSTO,PROFESSION,0173,GESTOR DE COBROS,173,true
ARISSTO,PROFESSION,0174,GESTOR DE SERVICIOS,174,true
ARISSTO,PROFESSION,0175,GESTOR DE VENTAS,175,true
ARISSTO,PROFESSION,0176,GUARDAVIDAS,176,true
ARISSTO,PROFESSION,0177,HERRERO,177,true
ARISSTO,PROFESSION,0178,HIGIENISTA DENTAL,178,true
ARISSTO,PROFESSION,0179,HOJALATERO,179,true
ARISSTO,PROFESSION,0180,HORNERO,180,true
ARISSTO,PROFESSION,0181,IMPORTADOR,181,true
ARISSTO,PROFESSION,0182,IMPRESORISTA,182,true
ARISSTO,PROFESSION,0183,IMPULSADORA,183,true
ARISSTO,PROFESSION,0184,ING (A) EN ALIMENTOS,184,true
ARISSTO,PROFESSION,0185,ING EN CIENCIAS D LA COMPUTACN,185,true
ARISSTO,PROFESSION,0186,ING(A) EN COMPUTACION,186,true
ARISSTO,PROFESSION,0187,ING(A) EN ELECTRONICA,187,true
ARISSTO,PROFESSION,0188,ING(A)EN LOGISTICA Y ADUANAS,188,true
ARISSTO,PROFESSION,0189,ING. AGRON. ZOOTECNISTA,189,true
ARISSTO,PROFESSION,0190,ING. AGRONOMO FITOTECNISTA,190,true
ARISSTO,PROFESSION,0191,ING. DE SISTEMAS INFORMATICOS,191,true
ARISSTO,PROFESSION,0192,ING. ELECTRICO,192,true
ARISSTO,PROFESSION,0193,ING. EN SISTEMAS,193,true
ARISSTO,PROFESSION,0194,ING. MECANICO,194,true
ARISSTO,PROFESSION,0195,ING.(A) AGROINDUSTRIAL,195,true
ARISSTO,PROFESSION,0196,ING.(A) ELECTRICISTA,196,true
ARISSTO,PROFESSION,0197,ING.(A) SISTEMAS COMPUTACION,197,true
ARISSTO,PROFESSION,0198,INGENIERO AGRICOLA,198,true
ARISSTO,PROFESSION,0199,INGENIERO AGRONOMO,199,true
ARISSTO,PROFESSION,0200,INGENIERO CIVIL,200,true
ARISSTO,PROFESSION,0201,INGENIERO INDUSTRIAL,201,true
ARISSTO,PROFESSION,0202,INGENIERO QUIMICO,202,true
ARISSTO,PROFESSION,0203,INSEMINADOR,203,true
ARISSTO,PROFESSION,0204,INSPECTOR,204,true
ARISSTO,PROFESSION,0205,INSTRUCTOR(A),205,true
ARISSTO,PROFESSION,0206,JARDINERO,206,true
ARISSTO,PROFESSION,0207,JEFE DE PERSONAL,207,true
ARISSTO,PROFESSION,0208,JORNALERO,208,true
ARISSTO,PROFESSION,0209,JOYERO,209,true
ARISSTO,PROFESSION,0210,JUBILADO/A,210,true
ARISSTO,PROFESSION,0211,LABRADOR,211,true
ARISSTO,PROFESSION,0212,LADRILLERO,212,true
ARISSTO,PROFESSION,0213,LIC ADMON EMPRES C/ESPEC COMPU,213,true
ARISSTO,PROFESSION,0214,LIC RELACIONES PUBLIC. COMUNIC,214,true
ARISSTO,PROFESSION,0215,LIC(A) ADMON DE EMPRESAS TURIS,215,true
ARISSTO,PROFESSION,0216,LIC(A) CC. EDUC ESPEC.PARVUL.,216,true
ARISSTO,PROFESSION,0217,LIC(A) EDUCACION PARA LA SALUD,217,true
ARISSTO,PROFESSION,0218,LIC(A) EN CC DE LA COMPUTACION,218,true
ARISSTO,PROFESSION,0219,LIC(A) EN CIENCIAS ECONOMICAS,219,true
ARISSTO,PROFESSION,0220,LIC(A) EN DISEÑO AMBIENTAL,220,true
ARISSTO,PROFESSION,0221,LIC(A) EN ECONOMIA EMPRESARIAL,221,true
ARISSTO,PROFESSION,0222,LIC(A) EN EDUCACION ESPECIAL,222,true
ARISSTO,PROFESSION,0223,LIC(A) EN MATEMATICAS,223,true
ARISSTO,PROFESSION,0224,LIC(A) EN PSICOLOGIA,224,true
ARISSTO,PROFESSION,0225,LIC(DA). EN EDUCACION,225,true
ARISSTO,PROFESSION,0226,LIC(DA)EN ANESTESIOLOGIA,226,true
ARISSTO,PROFESSION,0227,LIC.  EN BIOLOGIA,227,true
ARISSTO,PROFESSION,0228,LIC. ADM DE EMP C/ESP COMPUT,228,true
ARISSTO,PROFESSION,0229,LIC. ADMON DE EMPRESAS,229,true
ARISSTO,PROFESSION,0230,LIC. DE COMUNICACIONES,230,true
ARISSTO,PROFESSION,0231,LIC. DISEÑO GRAFICO,231,true
ARISSTO,PROFESSION,0232,LIC. ECOTECNOLOGIA,232,true
ARISSTO,PROFESSION,0233,LIC. EDUC. ESPEC. 1 Y 2 BASIC,233,true
ARISSTO,PROFESSION,0234,LIC. EN BACTERIOLOGIA,234,true
ARISSTO,PROFESSION,0235,LIC. EN CC DE LA COMUNICACION,235,true
ARISSTO,PROFESSION,0236,LIC. EN CIENCIAS ACTUARIALES,236,true
ARISSTO,PROFESSION,0237,LIC. EN CIENCIAS QUIMICAS,237,true
ARISSTO,PROFESSION,0238,LIC. EN COMPUTACION,238,true
ARISSTO,PROFESSION,0239,LIC. EN DISEÑO ARTESANAL,239,true
ARISSTO,PROFESSION,0240,LIC. EN ECONOMIA Y NEGOCIOS,240,true
ARISSTO,PROFESSION,0241,LIC. EN FISIOTE. Y TERAP. OCUP,241,true
ARISSTO,PROFESSION,0242,LIC. EN INFORMATICA,242,true
ARISSTO,PROFESSION,0243,LIC. EN MERCADEO,243,true
ARISSTO,PROFESSION,0244,LIC. EN RELAC. INTERNACIONALES,244,true
ARISSTO,PROFESSION,0245,LIC. EN SISTEMAS DE COMPU ADMI,245,true
ARISSTO,PROFESSION,0246,LIC. NEGOCIOS INTERNACIONALES,246,true
ARISSTO,PROFESSION,0247,LIC. RR.PP Y COMUNICACIONES,247,true
ARISSTO,PROFESSION,0248,LIC. TRABAJO SOCIAL,248,true
ARISSTO,PROFESSION,0249,LIC.(A)  EN CONTADURIA PUBLICA,249,true
ARISSTO,PROFESSION,0250,LIC.(A) CC DE EDUC. ESP 1O Y 2,250,true
ARISSTO,PROFESSION,0251,LIC.(A) EN ECONOMIA ADUANERA,251,true
ARISSTO,PROFESSION,0252,LIC.(A) EN ENFERMERIA,252,true
ARISSTO,PROFESSION,0253,LIC.(A) EN FINANZAS EMPRESARI,253,true
ARISSTO,PROFESSION,0254,LIC.(A) EN FISIOTERAPIA,254,true
ARISSTO,PROFESSION,0255,LIC.(A) EN GERENCIA INFORMATIC,255,true
ARISSTO,PROFESSION,0256,LIC.(A) EN LETRAS,256,true
ARISSTO,PROFESSION,0257,LIC.(A) EN MEDICINA VETERINAR,257,true
ARISSTO,PROFESSION,0258,LIC.(A) EN MERCADOTECNIA,258,true
ARISSTO,PROFESSION,0259,LIC.(A) EN PERIODISMO,259,true
ARISSTO,PROFESSION,0260,LIC.(A)EN RADIOLOGIA E IMAGENE,260,true
ARISSTO,PROFESSION,0261,LIC.ANESTESIOLOGIA E INHALOTER,261,true
ARISSTO,PROFESSION,0262,LIC.CIENCIAS EDUC.ESP.CIEN.SOC,262,true
ARISSTO,PROFESSION,0263,LIC.EN IDIOMA INGLES-ENSEÑANZA,263,true
ARISSTO,PROFESSION,0264,LIC.SISTEMAS INFORM. ADMINIST,264,true
ARISSTO,PROFESSION,0265,LICDA EN CC DE LA EDU.ESP. C.S,265,true
ARISSTO,PROFESSION,0266,LICDO. EN ADMON BANCARIA,266,true
ARISSTO,PROFESSION,0267,LICDO. EN ARTES PLATICAS,267,true
ARISSTO,PROFESSION,0268,LICDO. EN CIENCIAS DE LA EDUCA,268,true
ARISSTO,PROFESSION,0269,LICDO. EN CIENCIAS JURIDICAS,269,true
ARISSTO,PROFESSION,0270,LICDO. EN CONTADURIA PUBLICA,270,true
ARISSTO,PROFESSION,0271,LICDO. EN ECONOMIA,271,true
ARISSTO,PROFESSION,0272,LICDO. EN IDIOMAS,272,true
ARISSTO,PROFESSION,0273,LICDO. EN LABORATORIO CLINICO,273,true
ARISSTO,PROFESSION,0274,LICDO. EN QUIMICO Y FARMACIA,274,true
ARISSTO,PROFESSION,0275,LICDO. EN RELACIONES PUBLICAS,275,true
ARISSTO,PROFESSION,0276,LICDO. EN SOCIOLOGIA,276,true
ARISSTO,PROFESSION,0277,LINIERO ELECTRICISTA,277,true
ARISSTO,PROFESSION,0278,LITOGRAFO,278,true
ARISSTO,PROFESSION,0279,LOCUTOR,279,true
ARISSTO,PROFESSION,0280,LUSTRADOR,280,true
ARISSTO,PROFESSION,0281,MAES EN FINANZAS EMPRESARIALES,281,true
ARISSTO,PROFESSION,0282,MAESTRIA EN ADMON DE EMPRESAS,282,true
ARISSTO,PROFESSION,0283,MAESTRIA EN DIRECC DE EMPRESAS,283,true
ARISSTO,PROFESSION,0284,MAESTRIA EN FINANZAS,284,true
ARISSTO,PROFESSION,0285,MAESTRO DE OBRA,285,true
ARISSTO,PROFESSION,0286,MANDADOR,286,true
ARISSTO,PROFESSION,0287,MARINERO,287,true
ARISSTO,PROFESSION,0288,MARINERO DE BARCO PESQUERO,288,true
ARISSTO,PROFESSION,0289,MARINO MERCANTE,289,true
ARISSTO,PROFESSION,0290,MARROQUINERO,290,true
ARISSTO,PROFESSION,0291,MASAJISTA,291,true
ARISSTO,PROFESSION,0292,MATARIFE,292,true
ARISSTO,PROFESSION,0293,MECANICA FINA,293,true
ARISSTO,PROFESSION,0294,MECANICO,294,true
ARISSTO,PROFESSION,0295,MECANICO AGRICOLA,295,true
ARISSTO,PROFESSION,0296,MECANICO AUTOMOTRIZ,296,true
ARISSTO,PROFESSION,0297,MECANICO DE AVIACION,297,true
ARISSTO,PROFESSION,0298,MECANICO DE BANCO,298,true
ARISSTO,PROFESSION,0299,MECANICO DENTAL,299,true
ARISSTO,PROFESSION,0300,MECANICO EN ELECTRICIDAD,300,true
ARISSTO,PROFESSION,0301,MECANICO EN ENDEREZ. Y PINTURA,301,true
ARISSTO,PROFESSION,0302,MECANICO EN REFRIGERACION,302,true
ARISSTO,PROFESSION,0303,MECANICO ENDEREZADOR,303,true
ARISSTO,PROFESSION,0304,MECANICO ESTRUCTURAS METALICAS,304,true
ARISSTO,PROFESSION,0305,MECANICO INDUSTRIAL,305,true
ARISSTO,PROFESSION,0306,MECANICO MONTADOR,306,true
ARISSTO,PROFESSION,0307,MECANICO NAVAL,307,true
ARISSTO,PROFESSION,0308,MECANICO SOLDADOR,308,true
ARISSTO,PROFESSION,0309,MECANICO TORNERO,309,true
ARISSTO,PROFESSION,0310,MECANOGRAFO(A),310,true
ARISSTO,PROFESSION,0311,MEDICO,311,true
ARISSTO,PROFESSION,0312,MEDICO GENERAL,312,true
ARISSTO,PROFESSION,0313,MEDICO GINECO-OBSTETRICIA,313,true
ARISSTO,PROFESSION,0314,MEDICO VETERINARIO,314,true
ARISSTO,PROFESSION,0315,MENSAJERO,315,true
ARISSTO,PROFESSION,0316,MESERO,316,true
ARISSTO,PROFESSION,0317,MICROEMPRESARIO,317,true
ARISSTO,PROFESSION,0318,MILITAR,318,true
ARISSTO,PROFESSION,0319,MINISTRO CRISTIANO,319,true
ARISSTO,PROFESSION,0320,MINISTRO EVANGELICO,320,true
ARISSTO,PROFESSION,0321,MISIONERO(A),321,true
ARISSTO,PROFESSION,0322,MODISTA,322,true
ARISSTO,PROFESSION,0323,MOLINERO,323,true
ARISSTO,PROFESSION,0324,MOTOCICLISTA,324,true
ARISSTO,PROFESSION,0325,MOTORISTA,325,true
ARISSTO,PROFESSION,0326,MS ADMON PUBLICA,326,true
ARISSTO,PROFESSION,0327,MUSICO,327,true
ARISSTO,PROFESSION,0328,NATUROPATA,328,true
ARISSTO,PROFESSION,0329,NEGOCIANTE,329,true
ARISSTO,PROFESSION,0330,NUTRICIONISTA,330,true
ARISSTO,PROFESSION,0331,OBISPO,331,true
ARISSTO,PROFESSION,0332,OBRA DE BANCO,332,true
ARISSTO,PROFESSION,0333,OBRERO INDUSTRIAL,333,true
ARISSTO,PROFESSION,0334,OBRERO TEXTIL,334,true
ARISSTO,PROFESSION,0335,OBRERO/A,335,true
ARISSTO,PROFESSION,0336,ODONTOLOGO,336,true
ARISSTO,PROFESSION,0337,OFICIAL MILITAR,337,true
ARISSTO,PROFESSION,0338,OFICINISTA,338,true
ARISSTO,PROFESSION,0339,OFICIOS DOMESTICOS,339,true
ARISSTO,PROFESSION,0340,OFICIOS VARIOS,340,true
ARISSTO,PROFESSION,0341,OPERADOR (A) DE RADIO,341,true
ARISSTO,PROFESSION,0342,OPERADOR DE COMPUTADORAS,342,true
ARISSTO,PROFESSION,0343,OPERADOR DE EQUIPO PESADO,343,true
ARISSTO,PROFESSION,0344,OPERADOR DE MAQUINAS,344,true
ARISSTO,PROFESSION,0345,OPERADOR MAQUINA INDUSTRIAL,345,true
ARISSTO,PROFESSION,0346,OPERARIO(A),346,true
ARISSTO,PROFESSION,0347,OPERARIO(A) INDUSTRIAL,347,true
ARISSTO,PROFESSION,0348,OPTOMETRISTA,348,true
ARISSTO,PROFESSION,0349,ORDENANZA,349,true
ARISSTO,PROFESSION,0350,ORFEBRE,350,true
ARISSTO,PROFESSION,0351,PANADERO(A),351,true
ARISSTO,PROFESSION,0352,PANIFICADOR/A,352,true
ARISSTO,PROFESSION,0353,PARTERA,353,true
ARISSTO,PROFESSION,0354,PARTERA AUTORIZADA,354,true
ARISSTO,PROFESSION,0355,PASTOR EVANGELICO,355,true
ARISSTO,PROFESSION,0356,PASTOR RELIGIOSO,356,true
ARISSTO,PROFESSION,0357,PATRON DE BARCO PESQUERO,357,true
ARISSTO,PROFESSION,0358,PELUQUERO,358,true
ARISSTO,PROFESSION,0359,PENSIONADO,359,true
ARISSTO,PROFESSION,0360,PENSIONADO O JUBILADO,360,true
ARISSTO,PROFESSION,0361,PERIODISTA,361,true
ARISSTO,PROFESSION,0362,PERITO VALUADOR,362,true
ARISSTO,PROFESSION,0363,PESCADOR,363,true
ARISSTO,PROFESSION,0364,PESCADOR ARTESANAL,364,true
ARISSTO,PROFESSION,0365,PILOTO AVIADOR,365,true
ARISSTO,PROFESSION,0366,PINTOR,366,true
ARISSTO,PROFESSION,0367,PINTOR AUTOMOTRIZ,367,true
ARISSTO,PROFESSION,0368,PINTOR INDUSTRIAL,368,true
ARISSTO,PROFESSION,0369,PINTOR ROTULISTA,369,true
ARISSTO,PROFESSION,0370,PISCICULTOR,370,true
ARISSTO,PROFESSION,0371,PLATERO,371,true
ARISSTO,PROFESSION,0372,PLOMERO,372,true
ARISSTO,PROFESSION,0373,POLICIA,373,true
ARISSTO,PROFESSION,0374,PREDICADOR,374,true
ARISSTO,PROFESSION,0375,PRENSISTA,375,true
ARISSTO,PROFESSION,0376,PRODUCTOR,376,true
ARISSTO,PROFESSION,0377,PROF CC NATU TCB Y EDUC MEDIA,377,true
ARISSTO,PROFESSION,0378,PROF(A) EN CC COMERCIALES,378,true
ARISSTO,PROFESSION,0379,PROF(A) EN EDUC. BASICA,379,true
ARISSTO,PROFESSION,0380,PROF(A) EN EDUCACION ARTISTICA,380,true
ARISSTO,PROFESSION,0381,PROF(A) LENG LIT 3C EDU B Y ME,381,true
ARISSTO,PROFESSION,0382,PROF(A)EN EDUCACION  FISICA,382,true
ARISSTO,PROFESSION,0383,PROF.(A) EDUCACION PARVULARIA,383,true
ARISSTO,PROFESSION,0384,PROF.(A) EN BIOLOGIA Y QUIMICA,384,true
ARISSTO,PROFESSION,0385,PROF.(A) EN CIENCIAS SOCIALES,385,true
ARISSTO,PROFESSION,0386,PROF.(A) EN EDUCACION MEDIA,386,true
ARISSTO,PROFESSION,0387,PROF.(A) EN INGLES,387,true
ARISSTO,PROFESSION,0388,PROF.(A) EN LETRAS,388,true
ARISSTO,PROFESSION,0389,PROF.A EDUC BASICA 1 Y 2 CICLO,389,true
ARISSTO,PROFESSION,0390,PROFESOR EN MATEMATICA,390,true
ARISSTO,PROFESSION,0391,PROFESOR/A,391,true
ARISSTO,PROFESSION,0392,PROGRAMADOR DE COMPUTADORAS,392,true
ARISSTO,PROFESSION,0393,PROMOTOR DE VENTAS,393,true
ARISSTO,PROFESSION,0394,PROMOTOR(A) DE SALUD,394,true
ARISSTO,PROFESSION,0395,PSICOLOGO,395,true
ARISSTO,PROFESSION,0396,PUBLICISTA,396,true
ARISSTO,PROFESSION,0397,PULIDOR DE MUEBLES,397,true
ARISSTO,PROFESSION,0398,RADIO TECNICO,398,true
ARISSTO,PROFESSION,0399,RECEPCIONISTA,399,true
ARISSTO,PROFESSION,0400,RELIGIOSO(A),400,true
ARISSTO,PROFESSION,0401,RELOJERO,401,true
ARISSTO,PROFESSION,0402,REPARADOR DE LLANTAS,402,true
ARISSTO,PROFESSION,0403,REPOSTERO,403,true
ARISSTO,PROFESSION,0404,ROTULISTA,404,true
ARISSTO,PROFESSION,0405,SACERDOTE,405,true
ARISSTO,PROFESSION,0406,SALINERO,406,true
ARISSTO,PROFESSION,0407,SASTRE,407,true
ARISSTO,PROFESSION,0408,SASTRE INDUSTRIAL,408,true
ARISSTO,PROFESSION,0409,SECRETARIA BILINGUE,409,true
ARISSTO,PROFESSION,0410,SECRETARIA COMERCIAL,410,true
ARISSTO,PROFESSION,0411,SECRETARIA EJECUTIVA,411,true
ARISSTO,PROFESSION,0412,SECRETARIA EJECUTIVA BILINGUE,412,true
ARISSTO,PROFESSION,0413,SECRETARIA EN COMPUTACION,413,true
ARISSTO,PROFESSION,0414,SECRETARIA(O),414,true
ARISSTO,PROFESSION,0415,SERIGRAFO,415,true
ARISSTO,PROFESSION,0416,SIN DATO,416,true
ARISSTO,PROFESSION,0417,SIN PROFESION,417,true
ARISSTO,PROFESSION,0418,SOCIOLOGO,418,true
ARISSTO,PROFESSION,0419,SOLDADOR,419,true
ARISSTO,PROFESSION,0420,SOLDADOR AUTOMOTRIZ,420,true
ARISSTO,PROFESSION,0421,SOLDADOR ELECTRICO,421,true
ARISSTO,PROFESSION,0422,SUPERVISOR,422,true
ARISSTO,PROFESSION,0423,TALABARTERO,423,true
ARISSTO,PROFESSION,0424,TAPICERO,424,true
ARISSTO,PROFESSION,0425,TAXISTA,425,true
ARISSTO,PROFESSION,0426,TEC ING ELECTRONICA INDUSTRIAL,426,true
ARISSTO,PROFESSION,0427,TEC SUP GEST Y DES TURISTICO,427,true
ARISSTO,PROFESSION,0428,TEC(A) ING DE SIST.INFORMAT.,428,true
ARISSTO,PROFESSION,0429,TEC. ADMINISTRACION TURISTICA,429,true
ARISSTO,PROFESSION,0430,TEC. AGRICOLA,430,true
ARISSTO,PROFESSION,0431,TEC. AGRONOMO,431,true
ARISSTO,PROFESSION,0432,TEC. AGROPECUARIO,432,true
ARISSTO,PROFESSION,0433,TEC. AUTOMOTRIZ,433,true
ARISSTO,PROFESSION,0434,TEC. BILINGÜE INGLES/ESPAÑOL,434,true
ARISSTO,PROFESSION,0435,TEC. CONSTRUCTOR,435,true
ARISSTO,PROFESSION,0436,TEC. DENTAL,436,true
ARISSTO,PROFESSION,0437,TEC. ELECTRICISTA,437,true
ARISSTO,PROFESSION,0438,TEC. ELECTRONICO,438,true
ARISSTO,PROFESSION,0439,TEC. EN ADMON. DE EMPRESAS,439,true
ARISSTO,PROFESSION,0440,TEC. EN ANESTESIOLOGIA,440,true
ARISSTO,PROFESSION,0441,TEC. EN ARQUITECTURA,441,true
ARISSTO,PROFESSION,0442,TEC. EN COMPUTACION,442,true
ARISSTO,PROFESSION,0443,TEC. EN CONSTRUCCION,443,true
ARISSTO,PROFESSION,0444,TEC. EN ELECTRICIDAD,444,true
ARISSTO,PROFESSION,0445,TEC. EN ELECTRONICA,445,true
ARISSTO,PROFESSION,0446,TEC. EN ENFERMERIA,446,true
ARISSTO,PROFESSION,0447,TEC. EN ESTRUC. METALICA,447,true
ARISSTO,PROFESSION,0448,TEC. EN FARMACIA,448,true
ARISSTO,PROFESSION,0449,TEC. EN FISIOTERAPISTA,449,true
ARISSTO,PROFESSION,0450,TEC. EN ING CIVIL Y CONSTRUCCI,450,true
ARISSTO,PROFESSION,0451,TEC. EN ING. AGRONOMICA,451,true
ARISSTO,PROFESSION,0452,TEC. EN ING. AUTOMOTRIZ,452,true
ARISSTO,PROFESSION,0453,TEC. EN ING. DE CONFECCION,453,true
ARISSTO,PROFESSION,0454,TEC. EN ING. DE REF. Y AIRE AC,454,true
ARISSTO,PROFESSION,0455,TEC. EN ING. ELECTROMECANICA,455,true
ARISSTO,PROFESSION,0456,TEC. EN ING. EN COMPUTACION,456,true
ARISSTO,PROFESSION,0457,TEC. EN ING. EN SISTEMAS,457,true
ARISSTO,PROFESSION,0458,TEC. EN INGENIERIA CIVIL,458,true
ARISSTO,PROFESSION,0459,TEC. EN INGENIERIA DE HARDWARE,459,true
ARISSTO,PROFESSION,0460,TEC. EN INGENIERIA ELECTRICA,460,true
ARISSTO,PROFESSION,0461,TEC. EN INGENIERIA INDUSTRIAL,461,true
ARISSTO,PROFESSION,0462,TEC. EN INGENIERIA MECANICA,462,true
ARISSTO,PROFESSION,0463,TEC. EN LABORATORIO CLINICO,463,true
ARISSTO,PROFESSION,0464,TEC. EN MECANICA,464,true
ARISSTO,PROFESSION,0465,TEC. EN MECANICA AUTOMOTRIZ,465,true
ARISSTO,PROFESSION,0466,TEC. EN MERCADEO,466,true
ARISSTO,PROFESSION,0467,TEC. EN PRODUCCION AGROPECUARI,467,true
ARISSTO,PROFESSION,0468,TEC. EN PRODUCTO INDUSTRIAL,468,true
ARISSTO,PROFESSION,0469,TEC. EN PROG. EN COMPUTADORAS,469,true
ARISSTO,PROFESSION,0470,TEC. EN RADIO Y TELEVISION,470,true
ARISSTO,PROFESSION,0471,TEC. EN RADIOLOGIA,471,true
ARISSTO,PROFESSION,0472,TEC. EN RAYOS X,472,true
ARISSTO,PROFESSION,0473,TEC. EN REFRIGERACION,473,true
ARISSTO,PROFESSION,0474,TEC. EN RELACIONES PUBLICAS,474,true
ARISSTO,PROFESSION,0475,TEC. EN TELECOMUNICACIONES,475,true
ARISSTO,PROFESSION,0476,TEC. EN TRABAJO SOCIAL,476,true
ARISSTO,PROFESSION,0477,TEC. EN VETERINARIA,477,true
ARISSTO,PROFESSION,0478,TEC. ING. AGROINDUSTRIAL,478,true
ARISSTO,PROFESSION,0479,TEC. ING. SIST. Y REDES INFORT,479,true
ARISSTO,PROFESSION,0480,TEC. OFICINISTA,480,true
ARISSTO,PROFESSION,0481,TEC. OPTICO,481,true
ARISSTO,PROFESSION,0482,TEC. PREP. Y SERV. ALIMENTOS,482,true
ARISSTO,PROFESSION,0483,TEC. PROGRAMADOR,483,true
ARISSTO,PROFESSION,0484,TEC. SANEAMIENTO AMBIENTAL,484,true
ARISSTO,PROFESSION,0485,TECNICO,485,true
ARISSTO,PROFESSION,0486,TECNICO EN AVIACION,486,true
ARISSTO,PROFESSION,0487,TECNICO EN CONTADURIA,487,true
ARISSTO,PROFESSION,0488,TECNICO EN PROC. DE ALIMENT.,488,true
ARISSTO,PROFESSION,0489,TECNICO PROGRAMADOR ANALISTA,489,true
ARISSTO,PROFESSION,0490,TECNICO TEXTIL,490,true
ARISSTO,PROFESSION,0491,TECNOLOGO(A) EN ENFERMERIA,491,true
ARISSTO,PROFESSION,0492,TECNOLOGO(A) MATERNO INFANTIL,492,true
ARISSTO,PROFESSION,0493,TEJEDOR,493,true
ARISSTO,PROFESSION,0494,TELEGRAFISTA,494,true
ARISSTO,PROFESSION,0495,TENEDOR DE LIBROS,495,true
ARISSTO,PROFESSION,0496,TEOLOGIA,496,true
ARISSTO,PROFESSION,0497,TERAPISTA,497,true
ARISSTO,PROFESSION,0498,TIPOGRAFO,498,true
ARISSTO,PROFESSION,0499,TOPOGRAFO,499,true
ARISSTO,PROFESSION,0500,TORNERO,500,true
ARISSTO,PROFESSION,0501,TRABAJADOR (A) SOCIAL,501,true
ARISSTO,PROFESSION,0502,TRABAJADOR(A) AGRICOLA,502,true
ARISSTO,PROFESSION,0503,TRACTORISTA,503,true
ARISSTO,PROFESSION,0504,TRAMITADOR(A),504,true
ARISSTO,PROFESSION,0505,TRANSPORTISTA,505,true
ARISSTO,PROFESSION,0506,VENDEDOR,506,true
ARISSTO,PROFESSION,0507,VENDEDOR AMBULANTE,507,true
ARISSTO,PROFESSION,0508,VENDEDOR PROFESIONAL,508,true
ARISSTO,PROFESSION,0509,VETERINARIO,509,true
ARISSTO,PROFESSION,0510,VIGILANTE,510,true
ARISSTO,PROFESSION,0511,VISITADOR MEDICO,511,true
ARISSTO,PROFESSION,0512,ZAPATERO,512,true
ARISSTO,PROFESSION,0513,ZOOTECNISTA,513,true
ARISSTO,CREDESAL_INCOME_SOURCE,1,ASALARIADO SECTOR PÚBLICO,1,true
ARISSTO,CREDESAL_INCOME_SOURCE,2,ASALARIADO SECTOR PRIVADO,2,true
ARISSTO,CREDESAL_INCOME_SOURCE,3,PROFESIONAL INDEPENDIENTE,3,true
ARISSTO,CREDESAL_INCOME_SOURCE,4,EMPRESA FORMAL,4,true
ARISSTO,CREDESAL_INCOME_SOURCE,5,MICROEMPRESA,5,true
ARISSTO,CREDESAL_INCOME_SOURCE,6,ACTIVIDADES INMOBILIARIAS (ALQUILERES),6,true
ARISSTO,CREDESAL_INCOME_SOURCE,7,COMERCIO INFORMAL,7,true
ARISSTO,CREDESAL_INCOME_SOURCE,8,AYUDA FAMILIAR DEL EXTERIOR,8,true
ARISSTO,CREDESAL_INCOME_SOURCE,9,ACTIVIDADES AGRICOLAS,9,true
ARISSTO,CREDESAL_INCOME_SOURCE,10,PENSION,10,true
ARISSTO,CREDESAL_INCOME_SOURCE,11,CONSULTORÍA,11,true
ARISSTO,CREDESAL_INCOME_SOURCE,12,INVERSIONES FINANCIERAS,12,true
ARISSTO,CREDESAL_INCOME_SOURCE,13,DEPENDIENTE,13,true
