arissto_municipality_id,arissto_department_id,municipality_code,name,district,settlement_type,postal_code,region_code
0101,01,01,AHUACHAPAN,Ahuachapán,Ciudad,CP 2101,0102
0102,01,02,APANECA,Ahuachapán,Villa,CP 2102,0102
0103,01,03,ATIQUIZAYA,Atiquizaya,Ciudad,CP 2103,0101
0104,01,04,ATACO,Ahuachapán,Ciudad,CP 2106,0102
0105,01,05,EL REFUGIO,Atiquizaya,Pueblo,CP 2107,0101
0106,01,06,GUAYMANGO,Ahuachapán,Pueblo,CP 2108,0103
0107,01,07,JUJUTLA,Ahuachapán,Villa,CP 2109,0103
0108,01,08,SAN FRANCISCO MENENDEZ,Ahuachapán,Pueblo,CP 2113,0103
0109,01,09,SAN LORENZO,Atiquizaya,Pueblo,CP 2115,1001
0110,01,10,SAN PEDRO PUXTLA,Ahuachapán,Villa,CP 2116,0103
0111,01,11,TACUBA,Ahuachapán,Ciudad,CP 2117,0102
0112,01,12,TURIN,Atiquizaya,Pueblo,CP 2118,0101
0201,02,01,CANDELARIA DE LA FRONTERA,Chalchuapa,Villa,,0204
0202,02,02,COATEPEQUE,Santa Ana,Ciudad,,0203
0203,02,03,CHALCHUAPA,Chalchuapa,Ciudad,CP 2205,0204
0204,02,04,EL CONGO,Santa Ana,Villa,,0203
0205,02,05,EL PORVENIR,Chalchuapa,Pueblo,,0204
0206,02,06,MASAHUAT,Metapán,Pueblo,,0201
0207,02,07,METAPAN,Metapán,Ciudad,,0201
0208,02,08,SAN ANTONIO PAJONAL,Chalchuapa,Pueblo,,0204
0209,02,09,SAN SEBASTIAN SALITRILLO,Chalchuapa,Pueblo,CP 2215,0204
0210,02,10,SANTA ANA,Santa Ana,Ciudad,CP 2201,0202
0211,02,11,SANTA ROSA GUACHIPILIN,Metapán,Pueblo,,0201
0212,02,12,SANTIAGO DE LA FRONTERA,Metapán,Pueblo,,0204
0213,02,13,TEXISTEPEQUE,Santa Ana,Ciudad,,0201
0301,03,01,ACAJUTLA,Sonsonate,Ciudad,,0304
0302,03,02,ARMENIA,Izalco,Ciudad,,0303
0303,03,03,CALUCO,Izalco,Pueblo,,0303
0304,03,04,CUISNAHUAT,Izalco,Pueblo,,0303
0305,03,05,ISHUATAN,Izalco,Villa,,0303
0306,03,06,IZALCO,Izalco,Ciudad,,0303
0307,03,07,JUAYUA,Juayúa,Ciudad,CP 2307,0301
0308,03,08,NAHUIZALCO,Sonsonate,Ciudad,,0301
0309,03,09,NAHULINGO,Sonsonate,Pueblo,,0302
0310,03,10,SALCOATITAN,Juayúa,Pueblo,,0301
0311,03,11,SAN ANTONIO DEL MONTE,Sonsonate,Villa,,0302
0312,03,12,SAN JULIAN,Izalco,Ciudad,,0303
0313,03,13,SANTA CATARINA MASAHUAT,Juayúa,Pueblo,,0301
0314,03,14,SANTO DOMINGO DE GUZMAN,Sonsonate,Pueblo,,0302
0315,03,15,SONSONATE,Sonsonate,Ciudad,CP 2301,0302
0316,03,16,SONZACATE,Sonsonate,Pueblo,CP 2320,0302
0401,04,01,AGUA CALIENTE,Tejutla,Villa,,0402
0402,04,02,ARCATAO,Chalatenango,Ciudad,,0403
0403,04,03,AZACUALPA,Chalatenango,Pueblo,,0403
0404,04,04,CITALA,Tejutla,Villa,,0401
0405,04,05,COMALAPA,Dulce Nombre de María,Pueblo,,0403
0406,04,06,CONCEPCION QUEZALTEPEQUE,Chalatenango,Villa,,0403
0407,04,07,CHALATENANGO,Chalatenango,Ciudad,CP 1301,0403
0408,04,08,DULCE NOMBRE DE MARIA,Dulce Nombre de María,Ciudad,,0402
0409,04,09,EL CARRIZAL,Chalatenango,Pueblo,,0403
0410,04,10,EL PARAISO,Dulce Nombre de María,Pueblo,,0402
0411,04,11,LA LAGUNA,Dulce Nombre de María,Pueblo,,0403
0412,04,12,LA  PALMA,Tejutla,Ciudad,,0401
0413,04,13,LA REINA,Tejutla,Villa,,0402
0414,04,14,LAS VUELTAS,Chalatenango,Pueblo,,0403
0415,04,15,NOMBRE DE JESUS,Chalatenango,Pueblo,,0403
0416,04,16,NUEVA CONCEPCION,Tejutla,Ciudad,,0402
0417,04,17,NUEVA TRINIDAD,Chalatenango,Pueblo,,0403
0418,04,18,OJOS DE AGUA,Chalatenango,Pueblo,,0403
0419,04,19,POTONICO,Chalatenango,Pueblo,,0403
0420,04,20,SAN ANTONIO DE LA CRUZ,Chalatenango,Pueblo,,0403
0421,04,21,SAN ANTONIO DE LOS RANCHOS,Chalatenango,Pueblo,,0403
0422,04,22,SAN FERNANDO,Dulce Nombre de María,Villa,,1301
0423,04,23,SAN FRANCISCO LEMPA,Chalatenango,Villa,,0403
0424,04,24,SAN FRANCISCO MORAZAN,Dulce Nombre de María,Pueblo,,0402
0425,04,25,SAN IGNACIO,Tejutla,Villa,,0402
0426,04,26,SAN ISIDRO LABRADOR,Chalatenango,Villa,CP 1330,0403
0427,04,27,SAN JOSE CANCASQUE,Chalatenango,Pueblo,,0403
0428,04,28,SAN JOSE LAS FLORES,Chalatenango,Pueblo,,0403
0429,04,29,SAN LUIS DEL CARMEN,Chalatenango,Pueblo,,0403
0430,04,30,SAN MIGUEL DE MERCEDES,Chalatenango,Villa,,0403
0431,04,31,SAN RAFAEL,Dulce Nombre de María,Pueblo,,0402
0432,04,32,SANTA RITA,Dulce Nombre de María,Pueblo,,0402
0433,04,33,TEJUTLA,Tejutla,Ciudad,,0402
0501,05,01,ANTIGUO CUSCATLAN,Santa Tecla,Ciudad,CP 1502,0504
0502,05,02,CIUDAD ARCE,San Juan Opico,Ciudad,,0502
0503,05,03,COLON,Santa Tecla,Villa,CP 1512,0503
0504,05,04,COMASAGUA,Santa Tecla,Villa,,0506
0505,05,05,CHILTIUPAN,Santa Tecla,Pueblo,,0505
0506,05,06,HUIZUCAR,Santa Tecla,Villa,,0504
0507,05,07,JAYAQUE,Santa Tecla,Ciudad,,0503
0508,05,08,JICALAPA,Santa Tecla,Pueblo,,0505
0509,05,09,LA LIBERTAD,Santa Tecla,Ciudad,CP 1511,0505
0510,05,10,NUEVO CUSCATLAN,Santa Tecla,Pueblo,CP 1513,0504
0511,05,11,NUEVA SAN SALVADOR,Santa Tecla,Ciudad,CP 1501,
0512,05,12,QUEZALTEPEQUE,Quezaltepeque,Ciudad,,0501
0513,05,13,SACACOYO,Santa Tecla,Pueblo,,0503
0514,05,14,SAN JOSE VILLANUEVA,Santa Tecla,Pueblo,,0504
0515,05,15,SAN JUAN OPICO,San Juan Opico,Ciudad,,0502
0516,05,16,SAN MATIAS,San Juan Opico,Villa,,0501
0517,05,17,SAN PABLO TACACHICO,Quezaltepeque,Villa,,0501
0518,05,18,TAMANIQUE,Santa Tecla,Pueblo,CP 1522,0505
0519,05,19,TALNIQUE,Santa Tecla,Pueblo,,0503
0520,05,20,TEOTEPEQUE,Santa Tecla,Villa,,0505
0521,05,21,TEPECOYO,Santa Tecla,Villa,,0503
0522,05,22,ZARAGOZA,Santa Tecla,Ciudad,,0504
0601,06,01,AGUILARES,Tonacatepeque,Ciudad,CP 1122,0601
0602,06,02,APOPA,Tonacatepeque,Ciudad,CP 1123,0602
0603,06,03,AYUTUXTEPEQUE,San Salvador,Ciudad,CP 1121,0604
0604,06,04,CUSCATANCINGO,San Salvador,Ciudad,CP 1119,0604
0605,06,05,EL PAISNAL,Tonacatepeque,Villa,CP 1124,0601
0606,06,06,GUAZAPA,Tonacatepeque,Ciudad,CP 1125,0601
0607,06,07,ILOPANGO,Tonacatepeque,Ciudad,CP 1117,0603
0608,06,08,MEJICANOS,San Salvador,Ciudad,CP 1120,0604
0609,06,09,NEJAPA,Tonacatepeque,Ciudad,CP 1126,0602
0610,06,10,PANCHIMALCO,Santo Tomás,Villa,CP 1127,0605
0611,06,11,ROSARIO DE MORA,Santo Tomás,Pueblo,CP 1128,0605
0612,06,12,SAN MARCOS,Santo Tomás,Ciudad,CP 1115,0605
0613,06,13,SAN MARTIN,Tonacatepeque,Ciudad,CP 1129,0603
0614,06,14,SAN SALVADOR,San Salvador,Ciudad,CP 1101,0604
0615,06,15,SANTIAGO TEXACUANGOS,Santo Tomás,Villa,CP 1130,0605
0616,06,16,SANTO TOMAS,Santo Tomás,Ciudad,CP 1131,0605
0617,06,17,SOYAPANGO,San Salvador,Ciudad,CP 1116,0603
0618,06,18,TONACATEPEQUE,Tonacatepeque,Ciudad,CP 1132,0603
0619,06,19,CIUDAD DELGADO,San Salvador,Ciudad,CP 1118,0604
0701,07,01,CANDELARIA,Cojutepeque,Villa,,0702
0702,07,02,COJUTEPEQUE,Cojutepeque,Ciudad,CP 1401,0702
0703,07,03,EL CARMEN,Cojutepeque,Pueblo,,0702
0704,07,04,EL ROSARIO,Cojutepeque,Pueblo,,0702
0705,07,05,MONTE SAN JUAN,Cojutepeque,Pueblo,,0702
0706,07,06,ORATORIO DE CONCEPCION,Suchitoto,Pueblo,,0701
0707,07,07,SAN BARTOLOME PERULAPIA,Cojutepeque,Villa,,0701
0708,07,08,SAN CRISTOBAL,Cojutepeque,Villa,,0702
0709,07,09,SAN JOSE GUAYABAL,Suchitoto,Villa,,0701
0710,07,10,SAN PEDRO PERULAPAN,Cojutepeque,Ciudad,,0701
0711,07,11,SAN RAFAEL CEDROS,Cojutepeque,Ciudad,,0702
0712,07,12,SAN RAMON,Cojutepeque,Pueblo,,0702
0713,07,13,SANTA CRUZ ANALQUITO,Cojutepeque,Pueblo,,0702
0714,07,14,SANTA CRUZ MICHAPA,Cojutepeque,Pueblo,,0702
0715,07,15,SUCHITOTO,Suchitoto,Ciudad,CP 1415,0701
0716,07,16,TENANCINGO,Cojutepeque,Villa,,0702
0717,07,17,NECESITA REVISION,,,,
0801,08,01,CUYULTITAN,Olocuilta,Villa,,0801
0802,08,02,EL ROSARIO,San Pedro Masahuat,Ciudad,,0801
0803,08,03,JERUSALEN,San Pedro Nonualco,Pueblo,,0802
0804,08,04,MERCEDES LA CEIBA,San Pedro Nonualco,Pueblo,,0802
0805,08,05,OLOCUILTA,Olocuilta,Ciudad,,0801
0806,08,06,PARAISO DE OSORIO,San Pedro Nonualco,Pueblo,,0802
0807,08,07,SAN ANTONIO MASAHUAT,San Pedro Masahuat,Pueblo,,0802
0808,08,08,SAN EMIGDIO,San Pedro Nonualco,Pueblo,,0802
0809,08,09,SAN FRANCISCO CHINAMECA,Olocuilta,Pueblo,,0801
0810,08,10,SAN JUAN NONUALCO,Zacatecoluca,Ciudad,,0803
0811,08,11,SAN JUAN TALPA,Olocuilta,Villa,,0801
0812,08,12,SAN JUAN TEPEZONTES,San Pedro Masahuat,Villa,,0802
0813,08,13,SAN LUIS TALPA,Olocuilta,Villa,CP 1616,0801
0814,08,14,SAN MIGUEL TEPEZONTES,San Pedro Masahuat,Villa,,0802
0815,08,15,SAN PEDRO MASAHUAT,San Pedro Masahuat,Ciudad,,0801
0816,08,16,SAN  PEDRO NONUALCO,San Pedro Nonualco,Ciudad,,0802
0817,08,17,SAN RAFAEL OBRAJUELO,Zacatecoluca,Ciudad,,0803
0818,08,18,SANTA MARIA OSTUMA,San Pedro Nonualco,Villa,,0802
0819,08,19,SANTIAGO NONUALCO,Zacatecoluca,Ciudad,,0802
0820,08,20,TAPALHUACA,Olocuilta,Pueblo,,0801
0821,08,21,ZACATECOLUCA,Zacatecoluca,Ciudad,CP 1601,0803
0822,08,22,SAN LUIS LA HERRADURA,Zacatecoluca,Pueblo,,0802
0901,09,01,CINQUERA,Ilobasco,Pueblo,CP 1202,0902
0902,09,02,GUACOTECTI,Sensuntepeque,Villa,CP 1203,0901
0903,09,03,ILOBASCO,Ilobasco,Ciudad,CP 1204,0902
0904,09,04,JUTIAPA,Ilobasco,Villa,CP 1206,0902
0905,09,05,SAN ISIDRO,Sensuntepeque,Ciudad,CP 1207,1301
0906,09,06,SENSUNTEPEQUE,Sensuntepeque,Ciudad,CP 1201,0901
0907,09,07,TEJUTEPEQUE,Ilobasco,Ciudad,CP 1209,0902
0908,09,08,VICTORIA,Sensuntepeque,Ciudad,CP 1210,0901
0909,09,09,DOLORES,Sensuntepeque,Ciudad,CP 1209,0901
0915,09,15,NECESITA REVISION,,,,
1001,10,01,APASTEPEQUE,San Vicente,Ciudad,,1001
1002,10,02,GUADALUPE,San Vicente,Ciudad,,1002
1003,10,03,SAN CAYETANO ISTEPEQUE,San Vicente,Villa,,1002
1004,10,04,SANTA CLARA,San Sebastián,Villa,CP 1709,1001
1005,10,05,SANTO DOMINGO,San Sebastián,Ciudad,,1001
1006,10,06,SAN ESTEBAN CATARINA,San Sebastián,Villa,,1001
1007,10,07,SAN ILDEFONSO,San Sebastián,Villa,,1001
1008,10,08,SAN LORENZO,San Sebastián,Villa,,1001
1009,10,09,SAN SEBASTIAN,San Sebastián,Ciudad,,1001
1010,10,10,SAN VICENTE,San Vicente,Ciudad,CP 1701,1002
1011,10,11,TECOLUCA,San Vicente,Ciudad,,1002
1012,10,12,TEPETITAN,San Vicente,Villa,,1002
1013,10,13,VERAPAZ,San Vicente,Ciudad,,1002
1101,11,01,ALEGRIA,Santiago de María,Ciudad,,1101
1102,11,02,BERLIN,Berlín,Ciudad,CP 3403,1101
1103,11,03,CALIFORNIA,Santiago de María,Pueblo,,1102
1104,11,04,CONCEPCION BATRES,Usulután,Villa,,1102
1105,11,05,VILLA EL TRIUNFO,Estanzuelas,Villas,,1101
1106,11,06,EREGUAYQUIN,Usulután,Pueblo,,1102
1107,11,07,ESTANZUELAS,Estanzuelas,Ciudad,CP 3408,1101
1108,11,08,JIQUILISCO,Usulután,Ciudad,,1103
1109,11,09,JUCUAPA,Estanzuelas,Villa,,1101
1110,11,10,JUCUARAN,Usulután,Villa,,1102
1111,11,11,MERCEDES UMANA,Berlín,Villa,,1101
1112,11,12,NUEVA GRANADA,Estanzuelas,Villa,,1101
1113,11,13,OZATLAN,Usulután,Villa,,1102
1114,11,14,PUERTO EL TRIUNFO,Usulután,Pueblo,,1103
1115,11,15,SAN AGUSTIN,Berlín,Villa,,1103
1116,11,16,SAN BUENAVENTURA,Estanzuelas,Pueblo,,1101
1117,11,17,SAN DIONISIO,Usulután,Pueblo,,1102
1118,11,18,SANTA ELENA,Usulután,Ciudad,CP 3422,1102
1119,11,19,SAN FRANCISCO JAVIER,Berlín,Pueblo,,1103
1120,11,20,SANTA MARIA,Usulután,Pueblo,,1102
1121,11,21,SANTIAGO DE MARIA,Santiago de María,Ciudad,CP 3424,1101
1122,11,22,TECAPAN,Santiago de María,Vill,,1102
1123,11,23,USULUTAN,Usulután,Ciudad,CP 3401,1102
1201,12,01,CAROLINA,Sesori,Villa,,1201
1202,12,02,CIUDAD BARRIOS,San Miguel,Ciudad,,1201
1203,12,03,COMACARAN,San Miguel,Villa,,1202
1204,12,04,CHAPELTIQUE,San Miguel,Ciudad,,1201
1205,12,05,CHINAMECA,Chinameca,Ciudad,,1203
1206,12,06,CHIRILAGUA,San Miguel,Ciudad,,1202
1207,12,07,EL TRANSITO,Chinameca,Ciudad,,1203
1208,12,08,LOLOTIQUE,Chinameca,Ciudad,,1203
1209,12,09,MONCAGUA,San Miguel,Ciudad,,1202
1210,12,10,NUEVA GUADALUPE,Chinameca,Ciudad,,1203
1211,12,11,NUEVO EDEN DE SAN JUAN,Sesori,Pueblo,,1201
1212,12,12,QUELEPA,San Miguel,Villa,,1202
1213,12,13,SAN ANTONIO DEL MOSCO,Sesori,Pueblo,,1201
1214,12,14,SAN GERARDO,Sesori,Villa,,1201
1215,12,15,SAN JORGE,Chinameca,Ciudad,,1203
1216,12,16,SAN LUIS DE LA REINA,Sesori,Villa,,1201
1217,12,17,SAN MIGUEL,San Miguel,Ciudad,CP 3301,1202
1218,12,18,SAN RAFAEL ORIENTE,Chinameca,Ciudad,,1203
1219,12,19,SESORI,Sesori,Ciudad,,1201
1220,12,20,ULUAZAPA,San Miguel,Villa,,1202
1301,13,01,ARAMBALA,Jocoaitique,Pueblo,,1301
1302,13,02,CACAOPERA,Osicala,Osicala,CP 3216,1301
1303,13,03,CORINTO,Osicala,Ciudad,,1301
1304,13,04,CHILANGA,San Francisco,Villa,,1302
1305,13,05,DELICIAS DE CONCEPCION,Osicala,Pueblo,,1302
1306,13,06,EL DIVISADERO,San Francisco,Villa,,1302
1307,13,07,EL ROSARIO,Jocoaitique,Villa,,1301
1308,13,08,GUALOCOCTI,Osicala,Pueblo,,1302
1309,13,09,GUATAJIAGUA,San Francisco,Ciudad,,1302
1310,13,10,JOATECA,Jocoaitique,Pueblo,,1301
1311,13,11,JOCOAITIQUE,Jocoaitique,Ciudad,CP 3212,1301
1312,13,12,JOCORO,San Francisco,Ciudad,,1302
1313,13,13,LOLOTIQUILLO,San Francisco,Pueblo,,1302
1314,13,14,MEANGUERA,Jocoaitique,Ciudad,,1301
1315,13,15,OSICALA,Osicala,Ciudad,,1302
1316,13,16,PERQUIN,Jocoaitique,Pueblo,,1301
1317,13,17,SAN CARLOS,San Francisco,Ciudad,,1302
1318,13,18,SAN FERNANDO,Jocoaitique,Pueblo,,1301
1319,13,19,SAN FRANCISCO GOTERA,San Francisco,Ciudad,CP 3201,1302
1320,13,20,SAN ISIDRO,Osicala,Villa,CP 3220,1301
1321,13,21,SAN SIMON,Osicala,Villa,,1302
1322,13,22,SENSEMBRA,San Francisco,Pueblo,,1302
1323,13,23,SOCIEDAD,San Francisco,Ciudad,,1302
1324,13,24,TOROLA,Jocoaitique,Pueblo,,1301
1325,13,25,YAMABAL,San Francisco,Pueblo,,1302
1326,13,26,YOLOAIQUIN,Osicala,Pueblo,,1302
1401,14,01,ANAMOROS,Santa Rosa de Lima,Ciudad,,1401
1402,14,02,BOLIVAR,La Union,Pueblo,,1401
1403,14,03,CONCEPCION DE ORIENTE,Santa Rosa de Lima,Villa,,1401
1404,14,04,CONCHAGUA,La Union,Villa,,1402
1405,14,05,EL CARMEN,La Union,Villa,,1402
1406,14,06,EL SAUCE,Santa Rosa de Lima,Villa,,1401
1407,14,07,INTIPUCA,La Union,Villa,,1402
1408,14,08,LA UNION,La Union,Ciudad,CP 3101,1402
1409,14,09,LISLIQUE,Santa Rosa de Lima,Villa,,1401
1410,14,10,MEANGUERA DEL GOLFO,La Union,Pueblo,,1402
1411,14,11,NUEVA ESPARTA,Santa Rosa de Lima,Ciudad,,1401
1412,14,12,PASAQUINA,Santa Rosa de Lima,Ciudad,,1401
1413,14,13,POLOROS,Santa Rosa de Lima,Villa,,1401
1414,14,14,SAN ALEJO,La Union,Ciudad,,1402
1415,14,15,SAN JOSE,La Union,Villa,,1401
1416,14,16,SANTA ROSA DE LIMA,Santa Rosa de Lima,Ciudad,CP 3121,1401
1417,14,17,YAYANTIQUE,La Union,Pueblo,,1402
1418,14,18,YUCUAIQUIN,La Union,Villa,,1402
1419,14,19,SAN JOSE LAS FUENTES,,,,1401
1420,05,23,SANTA TECLA,,,,0506
1501,15,01,Autauga,,,,
1502,15,02,Baldwin,,,,
1503,15,03,Barbour,,,,
1504,15,04,Bibb,,,,
1505,15,05,Blount,,,,
1506,15,06,Bullock,,,,
1507,15,07,Butler,,,,
1508,15,08,Calhoun,,,,
1509,15,09,Chambers,,,,
1510,15,10,Cherokee,,,,
1511,15,11,Chilton,,,,
1512,15,12,Choctaw,,,,
1513,15,13,Clarke,,,,
1514,15,14,Clay,,,,
1515,15,15,Cleburne,,,,
1516,15,16,Coffee,,,,
1517,15,17,Colbert,,,,
1518,15,18,Conecuh,,,,
1519,15,19,Coosa,,,,
1520,15,20,Covington,,,,
1521,15,21,Crenshaw,,,,
1522,15,22,Cullman,,,,
1523,15,23,Dale,,,,
1524,15,24,Dallas,,,,
1525,15,25,DeKalb,,,,
1526,15,26,Elmore,,,,
1527,15,27,Escambia,,,,
1528,15,28,Etowah,,,,
1529,15,29,Fayette,,,,
1530,15,30,Franklin,,,,
1531,15,31,Geneva,,,,
1532,15,32,Greene,,,,
1533,15,33,Hale,,,,
1534,15,34,Henry,,,,
1535,15,35,Houston,,,,
1536,15,36,Jackson,,,,
1537,15,37,Jefferson,,,,
1538,15,38,Lamar,,,,
1539,15,39,Lauderdale,,,,
1540,15,40,Lawrence,,,,
1541,15,41,Lee,,,,
1542,15,42,Limestone,,,,
1543,15,43,Lowndes,,,,
1544,15,44,Macon,,,,
1545,15,45,Madison,,,,
1546,15,46,Marengo,,,,
1547,15,47,Marion,,,,
1548,15,48,Marshall,,,,
1549,15,49,Mobile,,,,
1550,15,50,Monroe,,,,
1551,15,51,Montgomery,,,,
1552,15,52,Morgan,,,,
1553,15,53,Perry,,,,
1554,15,54,Pickens,,,,
1555,15,55,Pike,,,,
1556,15,56,Randolph,,,,
1557,15,57,Russell,,,,
1558,15,58,Shelby,,,,
1559,15,59,St. Clair,,,,
1560,15,60,Sumter,,,,
1561,15,61,Talladega,,,,
1562,15,62,Tallapoosa,,,,
1563,15,63,Tuscaloosa,,,,
1564,15,64,Walker,,,,
1565,15,65,Washington,,,,
1566,15,66,Wilcox,,,,
1567,15,67,Winston,,,,
1601,16,01,Aleutians East Borough,,,,
1602,16,02,Aleutians West Census Area,,,,
1603,16,03,Anchorage,,,,
1604,16,04,Anchorage Municipality,,,,
1605,16,05,Bethel Census Area,,,,
1606,16,06,Bristol Bay Borough,,,,
1607,16,07,Chugach Census Area,,,,
1608,16,08,Copper River Census Area,,,,
1609,16,09,Denali Borough,,,,
1610,16,10,Dillingham Census Area,,,,
1611,16,11,Fairbanks North Star Borough,,,,
1612,16,12,Haines Borough,,,,
1613,16,13,Hoonah–Angoon Census Area,,,,
1614,16,14,Juneau,,,,
1615,16,15,Kenai Peninsula Borough,,,,
1616,16,16,Ketchikan Gateway Borough,,,,
1617,16,17,Kodiak Island Borough,,,,
1618,16,18,Kusilvak Census Area,,,,
1619,16,19,Lake and Peninsula Borough,,,,
1620,16,20,Matanuska-Susitna Borough,,,,
1621,16,21,Nome Census Area,,,,
1622,16,22,North Slope Borough,,,,
1623,16,23,Northwest Arctic Borough,,,,
1624,16,24,Petersburg Borough,,,,
1625,16,25,Prince of Wales–Hyder Census Area,,,,
1626,16,26,Sitka,,,,
1627,16,27,Southeast Fairbanks Census Area,,,,
1628,16,28,Valdez–Cordova Census Area,,,,
1629,16,29,Yakutat,,,,
1630,16,30,Yukon–Koyukuk Census Area,,,,
1701,17,01,Apache,,,,
1702,17,02,Cochise,,,,
1703,17,03,Coconino,,,,
1704,17,04,Gila,,,,
1705,17,05,Graham,,,,
1706,17,06,Greenlee,,,,
1707,17,07,La Paz,,,,
1708,17,08,Maricopa,,,,
1709,17,09,Mohave,,,,
1710,17,10,Navajo,,,,
1711,17,11,Pima,,,,
1712,17,12,Pinal,,,,
1713,17,13,Santa Cruz,,,,
1714,17,14,Yavapai,,,,
1715,17,15,Yuma,,,,
1801,18,01,Arkansas,,,,
1802,18,02,Ashley,,,,
1803,18,03,Baxter,,,,
1804,18,04,Benton,,,,
1805,18,05,Boone,,,,
1806,18,06,Bradley,,,,
1807,18,07,Calhoun,,,,
1808,18,08,Carroll,,,,
1809,18,09,Chicot,,,,
1810,18,10,Clark,,,,
1811,18,11,Clay,,,,
1812,18,12,Cleburne,,,,
1813,18,13,Cleveland,,,,
1814,18,14,Columbia,,,,
1815,18,15,Conway,,,,
1816,18,16,Craighead,,,,
1817,18,17,Crawford,,,,
1818,18,18,Crittenden,,,,
1819,18,19,Cross,,,,
1820,18,20,Dallas,,,,
1821,18,21,Desha,,,,
1822,18,22,Drew,,,,
1823,18,23,Faulkner,,,,
1824,18,24,Franklin,,,,
1825,18,25,Fulton,,,,
1826,18,26,Garland,,,,
1827,18,27,Grant,,,,
1828,18,28,Greene,,,,
1829,18,29,Hempstead,,,,
1830,18,30,Hot Spring,,,,
1831,18,31,Howard,,,,
1832,18,32,Independence,,,,
1833,18,33,Izard,,,,
1834,18,34,Jackson,,,,
1835,18,35,Jefferson,,,,
1836,18,36,Johnson,,,,
1837,18,37,Lafayette,,,,
1838,18,38,Lawrence,,,,
1839,18,39,Lee,,,,
1840,18,40,Lincoln,,,,
1841,18,41,Little River,,,,
1842,18,42,Logan,,,,
1843,18,43,Lonoke,,,,
1844,18,44,Madison,,,,
1845,18,45,Marion,,,,
1846,18,46,Miller,,,,
1847,18,47,Mississippi,,,,
1848,18,48,Monroe,,,,
1849,18,49,Montgomery,,,,
1850,18,50,Nevada,,,,
1851,18,51,Newton,,,,
1852,18,52,Ouachita,,,,
1853,18,53,Perry,,,,
1854,18,54,Phillips,,,,
1855,18,55,Pike,,,,
1856,18,56,Poinsett,,,,
1857,18,57,Polk,,,,
1858,18,58,Pope,,,,
1859,18,59,Prairie,,,,
1860,18,60,Pulaski,,,,
1861,18,61,Randolph,,,,
1862,18,62,Saline,,,,
1863,18,63,Scott,,,,
1864,18,64,Searcy,,,,
1865,18,65,Sebastian,,,,
1866,18,66,Sevier,,,,
1867,18,67,Sharp,,,,
1868,18,68,St. Francis,,,,
1869,18,69,Stone,,,,
1870,18,70,Union,,,,
1871,18,71,Van Buren,,,,
1872,18,72,Washington,,,,
1873,18,73,White,,,,
1874,18,74,Woodruff,,,,
1875,18,75,Yell,,,,
1901,19,01,Alameda,,,,
1902,19,02,Alpine,,,,
1903,19,03,Amador,,,,
1904,19,04,Butte,,,,
1905,19,05,Calaveras,,,,
1906,19,06,Colusa,,,,
1907,19,07,Contra Costa,,,,
1908,19,08,Del Norte,,,,
1909,19,09,El Dorado,,,,
1910,19,10,Fresno,,,,
1911,19,11,Glenn,,,,
1912,19,12,Humboldt,,,,
1913,19,13,Imperial,,,,
1914,19,14,Inyo,,,,
1915,19,15,Kern,,,,
1916,19,16,Kings,,,,
1917,19,17,Lake,,,,
1918,19,18,Lassen,,,,
1919,19,19,Los Angeles,,,,
1920,19,20,Madera,,,,
1921,19,21,Marin,,,,
1922,19,22,Mariposa,,,,
1923,19,23,Mendocino,,,,
1924,19,24,Merced,,,,
1925,19,25,Modoc,,,,
1926,19,26,Mono,,,,
1927,19,27,Monterey,,,,
1928,19,28,Napa,,,,
1929,19,29,Nevada,,,,
1930,19,30,Orange,,,,
1931,19,31,Placer,,,,
1932,19,32,Plumas,,,,
1933,19,33,Riverside,,,,
1934,19,34,Sacramento,,,,
1935,19,35,San Benito,,,,
1936,19,36,San Bernardino,,,,
1937,19,37,San Diego,,,,
1938,19,38,San Francisco,,,,
1939,19,39,San Joaquin,,,,
1940,19,40,San Luis Obispo,,,,
1941,19,41,San Mateo,,,,
1942,19,42,Santa Barbara,,,,
1943,19,43,Santa Clara,,,,
1944,19,44,Santa Cruz,,,,
1945,19,45,Shasta,,,,
1946,19,46,Sierra,,,,
1947,19,47,Siskiyou,,,,
1948,19,48,Solano,,,,
1949,19,49,Sonoma,,,,
1950,19,50,Stanislaus,,,,
1951,19,51,Sutter,,,,
1952,19,52,Tehama,,,,
1953,19,53,Trinity,,,,
1954,19,54,Tulare,,,,
1955,19,55,Tuolumne,,,,
1956,19,56,Ventura,,,,
1957,19,57,Yolo,,,,
1958,19,58,Yuba,,,,
2001,20,01,Alamance,,,,
2002,20,02,Alexander,,,,
2003,20,03,Alleghany,,,,
2004,20,04,Anson,,,,
2005,20,05,Ashe,,,,
2006,20,06,Avery,,,,
2007,20,07,Beaufort,,,,
2008,20,08,Bertie,,,,
2009,20,09,Bladen,,,,
2010,20,10,Brunswick,,,,
2011,20,11,Buncombe,,,,
2012,20,12,Burke,,,,
2013,20,13,Cabarrus,,,,
2014,20,14,Caldwell,,,,
2015,20,15,Camden,,,,
2016,20,16,Carteret,,,,
2017,20,17,Caswell,,,,
2018,20,18,Catawba,,,,
2019,20,19,Chatham,,,,
2020,20,20,Cherokee,,,,
2021,20,21,Chowan,,,,
2022,20,22,Clay,,,,
2023,20,23,Cleveland,,,,
2024,20,24,Columbus,,,,
2025,20,25,Craven,,,,
2026,20,26,Cumberland,,,,
2027,20,27,Currituck,,,,
2028,20,28,Dare,,,,
2029,20,29,Davidson,,,,
2030,20,30,Davie,,,,
2031,20,31,Duplin,,,,
2032,20,32,Durham,,,,
2033,20,33,Edgecombe,,,,
2034,20,34,Forsyth,,,,
2035,20,35,Franklin,,,,
2036,20,36,Gaston,,,,
2037,20,37,Gates,,,,
2038,20,38,Graham,,,,
2039,20,39,Granville,,,,
2040,20,40,Greene,,,,
2041,20,41,Guilford,,,,
2042,20,42,Halifax,,,,
2043,20,43,Harnett,,,,
2044,20,44,Haywood,,,,
2045,20,45,Henderson,,,,
2046,20,46,Hertford,,,,
2047,20,47,Hoke,,,,
2048,20,48,Hyde,,,,
2049,20,49,Iredell,,,,
2050,20,50,Jackson,,,,
2051,20,51,Johnston,,,,
2052,20,52,Jones,,,,
2053,20,53,Lee,,,,
2054,20,54,Lenoir,,,,
2055,20,55,Lincoln,,,,
2056,20,56,Macon,,,,
2057,20,57,Madison,,,,
2058,20,58,Martin,,,,
2059,20,59,McDowell,,,,
2060,20,60,Mecklenburg,,,,
2061,20,61,Mitchell,,,,
2062,20,62,Montgomery,,,,
2063,20,63,Moore,,,,
2064,20,64,Nash,,,,
2065,20,65,New Hanover,,,,
2066,20,66,Northampton,,,,
2067,20,67,Onslow,,,,
2068,20,68,Orange,,,,
2069,20,69,Pamlico,,,,
2070,20,70,Pasquotank,,,,
2071,20,71,Pender,,,,
2072,20,72,Perquimans,,,,
2073,20,73,Person,,,,
2074,20,74,Pitt,,,,
2075,20,75,Polk,,,,
2076,20,76,Randolph,,,,
2077,20,77,Richmond,,,,
2078,20,78,Robeson,,,,
2079,20,79,Rockingham,,,,
2080,20,80,Rowan,,,,
2081,20,81,Rutherford,,,,
2082,20,82,Sampson,,,,
2083,20,83,Scotland,,,,
2084,20,84,Stanly,,,,
2085,20,85,Stokes,,,,
2086,20,86,Surry,,,,
2087,20,87,Swain,,,,
2088,20,88,Transylvania,,,,
2089,20,89,Tyrrell,,,,
2090,20,90,Union,,,,
2091,20,91,Vance,,,,
2092,20,92,Wake,,,,
2093,20,93,Warren,,,,
2094,20,94,Washington,,,,
2095,20,95,Watauga,,,,
2096,20,96,Wayne,,,,
2097,20,97,Wilkes,,,,
2098,20,98,Wilson,,,,
2099,20,99,Yadkin,,,,
20A1,20,A1,Yancey,,,,
2101,21,01,Abbeville,,,,
2102,21,02,Aiken,,,,
2103,21,03,Allendale,,,,
2104,21,04,Anderson,,,,
2105,21,05,Bamberg,,,,
2106,21,06,Barnwell,,,,
2107,21,07,Beaufort,,,,
2108,21,08,Berkeley,,,,
2109,21,09,Calhoun,,,,
2110,21,10,Charleston,,,,
2111,21,11,Cherokee,,,,
2112,21,12,Chester,,,,
2113,21,13,Chesterfield,,,,
2114,21,14,Clarendon,,,,
2115,21,15,Colleton,,,,
2116,21,16,Darlington,,,,
2117,21,17,Dillon,,,,
2118,21,18,Dorchester,,,,
2119,21,19,Edgefield,,,,
2120,21,20,Fairfield,,,,
2121,21,21,Florence,,,,
2122,21,22,Georgetown,,,,
2123,21,23,Greenville,,,,
2124,21,24,Greenwood,,,,
2125,21,25,Hampton,,,,
2126,21,26,Horry,,,,
2127,21,27,Jasper,,,,
2128,21,28,Kershaw,,,,
2129,21,29,Lancaster,,,,
2130,21,30,Laurens,,,,
2131,21,31,Lee,,,,
2132,21,32,Lexington,,,,
2133,21,33,Marion,,,,
2134,21,34,Marlboro,,,,
2135,21,35,McCormick,,,,
2136,21,36,Newberry,,,,
2137,21,37,Oconee,,,,
2138,21,38,Orangeburg,,,,
2139,21,39,Pickens,,,,
2140,21,40,Richland,,,,
2141,21,41,Saluda,,,,
2142,21,42,Spartanburg,,,,
2143,21,43,Sumter,,,,
2144,21,44,Union,,,,
2145,21,45,Williamsburg,,,,
2146,21,46,York,,,,
2201,22,01,Adams,,,,
2202,22,02,Alamosa,,,,
2203,22,03,Arapahoe,,,,
2204,22,04,Archuleta,,,,
2205,22,05,Baca,,,,
2206,22,06,Bent,,,,
2207,22,07,Boulder,,,,
2208,22,08,Broomfield,,,,
2209,22,09,Chaffee,,,,
2210,22,10,Cheyenne,,,,
2211,22,11,Clear Creek,,,,
2212,22,12,Conejos,,,,
2213,22,13,Costilla,,,,
2214,22,14,Crowley,,,,
2215,22,15,Custer,,,,
2216,22,16,Delta,,,,
2217,22,17,Denver,,,,
2218,22,18,Dolores,,,,
2219,22,19,Douglas,,,,
2220,22,20,Eagle,,,,
2221,22,21,El Paso,,,,
2222,22,22,Elbert,,,,
2223,22,23,Fremont,,,,
2224,22,24,Garfield,,,,
2225,22,25,Gilpin,,,,
2226,22,26,Grand,,,,
2227,22,27,Gunnison,,,,
2228,22,28,Hinsdale,,,,
2229,22,29,Huerfano,,,,
2230,22,30,Jackson,,,,
2231,22,31,Jefferson,,,,
2232,22,32,Kiowa,,,,
2233,22,33,Kit Carson,,,,
2234,22,34,La Plata,,,,
2235,22,35,Lake,,,,
2236,22,36,Larimer,,,,
2237,22,37,Las Animas,,,,
2238,22,38,Lincoln,,,,
2239,22,39,Logan,,,,
2240,22,40,Mesa,,,,
2241,22,41,Mineral,,,,
2242,22,42,Moffat,,,,
2243,22,43,Montezuma,,,,
2244,22,44,Montrose,,,,
2245,22,45,Morgan,,,,
2246,22,46,Otero,,,,
2247,22,47,Ouray,,,,
2248,22,48,Park,,,,
2249,22,49,Phillips,,,,
2250,22,50,Pitkin,,,,
2251,22,51,Prowers,,,,
2252,22,52,Pueblo,,,,
2253,22,53,Rio Blanco,,,,
2254,22,54,Rio Grande,,,,
2255,22,55,Routt,,,,
2256,22,56,Saguache,,,,
2257,22,57,San Juan,,,,
2258,22,58,San Miguel,,,,
2259,22,59,Sedgwick,,,,
2260,22,60,Summit,,,,
2261,22,61,Teller,,,,
2262,22,62,Washington,,,,
2263,22,63,Weld,,,,
2264,22,64,Yuma,,,,
2301,23,01,Fairfield,,,,
2302,23,02,Hartford,,,,
2303,23,03,Litchfield,,,,
2304,23,04,Middlesex,,,,
2305,23,05,New Haven,,,,
2306,23,06,New London,,,,
2307,23,07,Tolland,,,,
2308,23,08,Windham,,,,
2401,24,01,Adams,,,,
2402,24,02,Barnes,,,,
2403,24,03,Benson,,,,
2404,24,04,Billings,,,,
2405,24,05,Bottineau,,,,
2406,24,06,Bowman,,,,
2407,24,07,Burke,,,,
2408,24,08,Burleigh,,,,
2409,24,09,Cass,,,,
2410,24,10,Cavalier,,,,
2411,24,11,Dickey,,,,
2412,24,12,Divide,,,,
2413,24,13,Dunn,,,,
2414,24,14,Eddy,,,,
2415,24,15,Emmons,,,,
2416,24,16,Foster,,,,
2417,24,17,Golden Valley,,,,
2418,24,18,Grand Forks,,,,
2419,24,19,Grant,,,,
2420,24,20,Griggs,,,,
2421,24,21,Hettinger,,,,
2422,24,22,Kidder,,,,
2423,24,23,LaMoure,,,,
2424,24,24,Logan,,,,
2425,24,25,McHenry,,,,
2426,24,26,McIntosh,,,,
2427,24,27,McKenzie,,,,
2428,24,28,McLean,,,,
2429,24,29,Mercer,,,,
2430,24,30,Morton,,,,
2431,24,31,Mountrail,,,,
2432,24,32,Nelson,,,,
2433,24,33,Oliver,,,,
2434,24,34,Pembina,,,,
2435,24,35,Pierce,,,,
2436,24,36,Ramsey,,,,
2437,24,37,Ransom,,,,
2438,24,38,Renville,,,,
2439,24,39,Richland,,,,
2440,24,40,Rolette,,,,
2441,24,41,Sargent,,,,
2442,24,42,Sheridan,,,,
2443,24,43,Sioux,,,,
2444,24,44,Slope,,,,
2445,24,45,Stark,,,,
2446,24,46,Steele,,,,
2447,24,47,Stutsman,,,,
2448,24,48,Towner,,,,
2449,24,49,Traill,,,,
2450,24,50,Walsh,,,,
2451,24,51,Ward,,,,
2452,24,52,Wells,,,,
2453,24,53,Williams,,,,
2501,25,01,Aurora,,,,
2502,25,02,Beadle,,,,
2503,25,03,Bennett,,,,
2504,25,04,Bon Homme,,,,
2505,25,05,Brookings,,,,
2506,25,06,Brown,,,,
2507,25,07,Brule,,,,
2508,25,08,Buffalo,,,,
2509,25,09,Butte,,,,
2510,25,10,Campbell,,,,
2511,25,11,Charles Mix,,,,
2512,25,12,Clark,,,,
2513,25,13,Clay,,,,
2514,25,14,Codington,,,,
2515,25,15,Corson,,,,
2516,25,16,Custer,,,,
2517,25,17,Davison,,,,
2518,25,18,Day,,,,
2519,25,19,Deuel,,,,
2520,25,20,Dewey,,,,
2521,25,21,Douglas,,,,
2522,25,22,Edmunds,,,,
2523,25,23,Fall River,,,,
2524,25,24,Faulk,,,,
2525,25,25,Grant,,,,
2526,25,26,Gregory,,,,
2527,25,27,Haakon,,,,
2528,25,28,Hamlin,,,,
2529,25,29,Hand,,,,
2530,25,30,Hanson,,,,
2531,25,31,Harding,,,,
2532,25,32,Hughes,,,,
2533,25,33,Hutchinson,,,,
2534,25,34,Hyde,,,,
2535,25,35,Jackson,,,,
2536,25,36,Jerauld,,,,
2537,25,37,Jones,,,,
2538,25,38,Kingsbury,,,,
2539,25,39,Lake,,,,
2540,25,40,Lawrence,,,,
2541,25,41,Lincoln,,,,
2542,25,42,Lyman,,,,
2543,25,43,Marshall,,,,
2544,25,44,McCook,,,,
2545,25,45,McPherson,,,,
2546,25,46,Meade,,,,
2547,25,47,Mellette,,,,
2548,25,48,Miner,,,,
2549,25,49,Minnehaha,,,,
2550,25,50,Moody,,,,
2551,25,51,Oglala Lakota,,,,
2552,25,52,Pennington,,,,
2553,25,53,Perkins,,,,
2554,25,54,Potter,,,,
2555,25,55,Roberts,,,,
2556,25,56,Sanborn,,,,
2557,25,57,Spink,,,,
2558,25,58,Stanley,,,,
2559,25,59,Sully,,,,
2560,25,60,Todd,,,,
2561,25,61,Tripp,,,,
2562,25,62,Turner,,,,
2563,25,63,Union,,,,
2564,25,64,Walworth,,,,
2565,25,65,Yankton,,,,
2566,25,66,Ziebach,,,,
2601,26,01,Kent,,,,
2602,26,02,New Castle,,,,
2603,26,03,Sussex,,,,
2701,27,01,Alachua,,,,
2702,27,02,Baker,,,,
2703,27,03,Bay,,,,
2704,27,04,Bradford,,,,
2705,27,05,Brevard,,,,
2706,27,06,Broward,,,,
2707,27,07,Calhoun,,,,
2708,27,08,Charlotte,,,,
2709,27,09,Citrus,,,,
2710,27,10,Clay,,,,
2711,27,11,Collier,,,,
2712,27,12,Columbia,,,,
2713,27,13,DeSoto,,,,
2714,27,14,Dixie,,,,
2715,27,15,Duval,,,,
2716,27,16,Escambia,,,,
2717,27,17,Flagler,,,,
2718,27,18,Franklin,,,,
2719,27,19,Gadsden,,,,
2720,27,20,Gilchrist,,,,
2721,27,21,Glades,,,,
2722,27,22,Gulf,,,,
2723,27,23,Hamilton,,,,
2724,27,24,Hardee,,,,
2725,27,25,Hendry,,,,
2726,27,26,Hernando,,,,
2727,27,27,Highlands,,,,
2728,27,28,Hillsborough,,,,
2729,27,29,Holmes,,,,
2730,27,30,Indian River,,,,
2731,27,31,Jackson,,,,
2732,27,32,Jefferson,,,,
2733,27,33,Lafayette,,,,
2734,27,34,Lake,,,,
2735,27,35,Lee,,,,
2736,27,36,Leon,,,,
2737,27,37,Levy,,,,
2738,27,38,Liberty,,,,
2739,27,39,Madison,,,,
2740,27,40,Manatee,,,,
2741,27,41,Marion,,,,
2742,27,42,Martin,,,,
2743,27,43,Miami-Dade,,,,
2744,27,44,Monroe,,,,
2745,27,45,Nassau,,,,
2746,27,46,Okaloosa,,,,
2747,27,47,Okeechobee,,,,
2748,27,48,Orange,,,,
2749,27,49,Osceola,,,,
2750,27,50,Palm Beach,,,,
2751,27,51,Pasco,,,,
2752,27,52,Pinellas,,,,
2753,27,53,Polk,,,,
2754,27,54,Putnam,,,,
2755,27,55,Santa Rosa,,,,
2756,27,56,Sarasota,,,,
2757,27,57,Seminole,,,,
2758,27,58,St. Johns,,,,
2759,27,59,St. Lucie,,,,
2760,27,60,Sumter,,,,
2761,27,61,Suwannee,,,,
2762,27,62,Taylor,,,,
2763,27,63,Union,,,,
2764,27,64,Volusia,,,,
2765,27,65,Wakulla,,,,
2766,27,66,Walton,,,,
2767,27,67,Washington,,,,
2801,28,01,Appling,,,,
2802,28,02,Atkinson,,,,
2803,28,03,Bacon,,,,
2804,28,04,Baker,,,,
2805,28,05,Baldwin,,,,
2806,28,06,Banks,,,,
2807,28,07,Barrow,,,,
2808,28,08,Bartow,,,,
2809,28,09,Ben Hill,,,,
2810,28,10,Berrien,,,,
2811,28,11,Bibb,,,,
2812,28,12,Bleckley,,,,
2813,28,13,Brantley,,,,
2814,28,14,Brooks,,,,
2815,28,15,Bryan,,,,
2816,28,16,Bulloch,,,,
2817,28,17,Burke,,,,
2818,28,18,Butts,,,,
2819,28,19,Calhoun,,,,
2820,28,20,Camden,,,,
2821,28,21,Candler,,,,
2822,28,22,Carroll,,,,
2823,28,23,Catoosa,,,,
2824,28,24,Charlton,,,,
2825,28,25,Chatham,,,,
2826,28,26,Chattahoochee,,,,
2827,28,27,Chattooga,,,,
2828,28,28,Cherokee,,,,
2829,28,29,Clarke,,,,
2830,28,30,Clay,,,,
2831,28,31,Clayton,,,,
2832,28,32,Clinch,,,,
2833,28,33,Cobb,,,,
2834,28,34,Coffee,,,,
2835,28,35,Colquitt,,,,
2836,28,36,Columbia,,,,
2837,28,37,Cook,,,,
2838,28,38,Coweta,,,,
2839,28,39,Crawford,,,,
2840,28,40,Crisp,,,,
2841,28,41,Dade,,,,
2842,28,42,Dawson,,,,
2843,28,43,DeKalb,,,,
2844,28,44,Decatur,,,,
2845,28,45,Dodge,,,,
2846,28,46,Dooly,,,,
2847,28,47,Dougherty,,,,
2848,28,48,Douglas,,,,
2849,28,49,Early,,,,
2850,28,50,Echols,,,,
2851,28,51,Effingham,,,,
2852,28,52,Elbert,,,,
2853,28,53,Emanuel,,,,
2854,28,54,Evans,,,,
2855,28,55,Fannin,,,,
2856,28,56,Fayette,,,,
2857,28,57,Floyd,,,,
2858,28,58,Forsyth,,,,
2859,28,59,Franklin,,,,
2860,28,60,Fulton,,,,
2861,28,61,Gilmer,,,,
2862,28,62,Glascock,,,,
2863,28,63,Glynn,,,,
2864,28,64,Gordon,,,,
2865,28,65,Grady,,,,
2866,28,66,Greene,,,,
2867,28,67,Gwinnett,,,,
2868,28,68,Habersham,,,,
2869,28,69,Hall,,,,
2870,28,70,Hancock,,,,
2871,28,71,Haralson,,,,
2872,28,72,Harris,,,,
2873,28,73,Hart,,,,
2874,28,74,Heard,,,,
2875,28,75,Henry,,,,
2876,28,76,Houston,,,,
2877,28,77,Irwin,,,,
2878,28,78,Jackson,,,,
2879,28,79,Jasper,,,,
2880,28,80,Jeff Davis,,,,
2881,28,81,Jefferson,,,,
2882,28,82,Jenkins,,,,
2883,28,83,Johnson,,,,
2884,28,84,Jones,,,,
2885,28,85,Lamar,,,,
2886,28,86,Lanier,,,,
2887,28,87,Laurens,,,,
2888,28,88,Lee,,,,
2889,28,89,Liberty,,,,
2890,28,90,Lincoln,,,,
2891,28,91,Long,,,,
2892,28,92,Lowndes,,,,
2893,28,93,Lumpkin,,,,
2894,28,94,Macon,,,,
2895,28,95,Madison,,,,
2896,28,96,Marion,,,,
2897,28,97,McDuffie,,,,
2898,28,98,McIntosh,,,,
2899,28,99,Meriwether,,,,
28A1,28,A1,Miller,,,,
28A2,28,A2,Mitchell,,,,
28A3,28,A3,Monroe,,,,
28A4,28,A4,Montgomery,,,,
28A5,28,A5,Morgan,,,,
28A6,28,A6,Murray,,,,
28A7,28,A7,Muscogee,,,,
28A8,28,A8,Newton,,,,
28A9,28,A9,Oconee,,,,
28B1,28,B1,Oglethorpe,,,,
28B2,28,B2,Paulding,,,,
28B3,28,B3,Peach,,,,
28B4,28,B4,Pickens,,,,
28B5,28,B5,Pierce,,,,
28B6,28,B6,Pike,,,,
28B7,28,B7,Polk,,,,
28B8,28,B8,Pulaski,,,,
28B9,28,B9,Putnam,,,,
28C1,28,C1,Quitman,,,,
28C2,28,C2,Rabun,,,,
28C3,28,C3,Randolph,,,,
28C4,28,C4,Richmond,,,,
28C5,28,C5,Rockdale,,,,
28C6,28,C6,Schley,,,,
28C7,28,C7,Screven,,,,
28C8,28,C8,Seminole,,,,
28C9,28,C9,Spalding,,,,
28D1,28,D1,Stephens,,,,
28D2,28,D2,Stewart,,,,
28D3,28,D3,Sumter,,,,
28D4,28,D4,Talbot,,,,
28D5,28,D5,Taliaferro,,,,
28D6,28,D6,Tattnall,,,,
28D7,28,D7,Taylor,,,,
28D8,28,D8,Telfair,,,,
28D9,28,D9,Terrell,,,,
28E1,28,E1,Thomas,,,,
28E2,28,E2,Tift,,,,
28E3,28,E3,Toombs,,,,
28E4,28,E4,Towns,,,,
28E5,28,E5,Treutlen,,,,
28E6,28,E6,Troup,,,,
28E7,28,E7,Turner,,,,
28E8,28,E8,Twiggs,,,,
28E9,28,E9,Union,,,,
28F1,28,F1,Upson,,,,
28F2,28,F2,Walker,,,,
28F3,28,F3,Walton,,,,
28F4,28,F4,Ware,,,,
28F5,28,F5,Warren,,,,
28F6,28,F6,Washington,,,,
28F7,28,F7,Wayne,,,,
28F8,28,F8,Webster,,,,
28F9,28,F9,Wheeler,,,,
28G1,28,G1,White,,,,
28G2,28,G2,Whitfield,,,,
28G3,28,G3,Wilcox,,,,
28G4,28,G4,Wilkes,,,,
28G5,28,G5,Wilkinson,,,,
28G6,28,G6,Worth,,,,
2901,29,01,Hawaii,,,,
2902,29,02,Honolulu,,,,
2903,29,03,Kalawao,,,,
2904,29,04,Kauai,,,,
2905,29,05,Maui,,,,
3001,30,01,Ada,,,,
3002,30,02,Adams,,,,
3003,30,03,Bannock,,,,
3004,30,04,Bear Lake,,,,
3005,30,05,Benewah,,,,
3006,30,06,Bingham,,,,
3007,30,07,Blaine,,,,
3008,30,08,Boise,,,,
3009,30,09,Bonner,,,,
3010,30,10,Bonneville,,,,
3011,30,11,Boundary,,,,
3012,30,12,Butte,,,,
3013,30,13,Camas,,,,
3014,30,14,Canyon,,,,
3015,30,15,Caribou,,,,
3016,30,16,Cassia,,,,
3017,30,17,Clark,,,,
3018,30,18,Clearwater,,,,
3019,30,19,Custer,,,,
3020,30,20,Elmore,,,,
3021,30,21,Franklin,,,,
3022,30,22,Fremont,,,,
3023,30,23,Gem,,,,
3024,30,24,Gooding,,,,
3025,30,25,Idaho,,,,
3026,30,26,Jefferson,,,,
3027,30,27,Jerome,,,,
3028,30,28,Kootenai,,,,
3029,30,29,Latah,,,,
3030,30,30,Lemhi,,,,
3031,30,31,Lewis,,,,
3032,30,32,Lincoln,,,,
3033,30,33,Madison,,,,
3034,30,34,Minidoka,,,,
3035,30,35,Nez Perce,,,,
3036,30,36,Oneida,,,,
3037,30,37,Owyhee,,,,
3038,30,38,Payette,,,,
3039,30,39,Power,,,,
3040,30,40,Shoshone,,,,
3041,30,41,Teton,,,,
3042,30,42,Twin Falls,,,,
3043,30,43,Valley,,,,
3044,30,44,Washington,,,,
3101,31,01,Adams,,,,
3102,31,02,Alexander,,,,
3103,31,03,Bond,,,,
3104,31,04,Boone,,,,
3105,31,05,Brown,,,,
3106,31,06,Bureau,,,,
3107,31,07,Calhoun,,,,
3108,31,08,Carroll,,,,
3109,31,09,Cass,,,,
3110,31,10,Champaign,,,,
3111,31,11,Christian,,,,
3112,31,12,Clark,,,,
3113,31,13,Clay,,,,
3114,31,14,Clinton,,,,
3115,31,15,Coles,,,,
3116,31,16,Cook,,,,
3117,31,17,Crawford,,,,
3118,31,18,Cumberland,,,,
3119,31,19,DeKalb,,,,
3120,31,20,DeWitt,,,,
3121,31,21,Douglas,,,,
3122,31,22,DuPage,,,,
3123,31,23,Edgar,,,,
3124,31,24,Edwards,,,,
3125,31,25,Effingham,,,,
3126,31,26,Fayette,,,,
3127,31,27,Ford,,,,
3128,31,28,Franklin,,,,
3129,31,29,Fulton,,,,
3130,31,30,Gallatin,,,,
3131,31,31,Greene,,,,
3132,31,32,Grundy,,,,
3133,31,33,Hamilton,,,,
3134,31,34,Hancock,,,,
3135,31,35,Hardin,,,,
3136,31,36,Henderson,,,,
3137,31,37,Henry,,,,
3138,31,38,Iroquois,,,,
3139,31,39,Jackson,,,,
3140,31,40,Jasper,,,,
3141,31,41,Jefferson,,,,
3142,31,42,Jersey,,,,
3143,31,43,Jo Daviess,,,,
3144,31,44,Johnson,,,,
3145,31,45,Kane,,,,
3146,31,46,Kankakee,,,,
3147,31,47,Kendall,,,,
3148,31,48,Knox,,,,
3149,31,49,LaSalle,,,,
3150,31,50,Lake,,,,
3151,31,51,Lawrence,,,,
3152,31,52,Lee,,,,
3153,31,53,Livingston,,,,
3154,31,54,Logan,,,,
3155,31,55,Macon,,,,
3156,31,56,Macoupin,,,,
3157,31,57,Madison,,,,
3158,31,58,Marion,,,,
3159,31,59,Marshall,,,,
3160,31,60,Mason,,,,
3161,31,61,Massac,,,,
3162,31,62,McDonough,,,,
3163,31,63,McHenry,,,,
3164,31,64,McLean,,,,
3165,31,65,Menard,,,,
3166,31,66,Mercer,,,,
3167,31,67,Monroe,,,,
3168,31,68,Montgomery,,,,
3169,31,69,Morgan,,,,
3170,31,70,Moultrie,,,,
3171,31,71,Ogle,,,,
3172,31,72,Peoria,,,,
3173,31,73,Perry,,,,
3174,31,74,Piatt,,,,
3175,31,75,Pike,,,,
3176,31,76,Pope,,,,
3177,31,77,Pulaski,,,,
3178,31,78,Putnam,,,,
3179,31,79,Randolph,,,,
3180,31,80,Richland,,,,
3181,31,81,Rock Island,,,,
3182,31,82,Saline,,,,
3183,31,83,Sangamon,,,,
3184,31,84,Schuyler,,,,
3185,31,85,Scott,,,,
3186,31,86,Shelby,,,,
3187,31,87,St. Clair,,,,
3188,31,88,Stark,,,,
3189,31,89,Stephenson,,,,
3190,31,90,Tazewell,,,,
3191,31,91,Union,,,,
3192,31,92,Vermilion,,,,
3193,31,93,Wabash,,,,
3194,31,94,Warren,,,,
3195,31,95,Washington,,,,
3196,31,96,Wayne,,,,
3197,31,97,White,,,,
3198,31,98,Whiteside,,,,
3199,31,99,Will,,,,
31A1,31,A1,Williamson,,,,
31A2,31,A2,Winnebago,,,,
31A3,31,A3,Woodford,,,,
3201,32,01,Adams,,,,
3202,32,02,Allen,,,,
3203,32,03,Bartholomew,,,,
3204,32,04,Benton,,,,
3205,32,05,Blackford,,,,
3206,32,06,Boone,,,,
3207,32,07,Brown,,,,
3208,32,08,Carroll,,,,
3209,32,09,Cass,,,,
3210,32,10,Clark,,,,
3211,32,11,Clay,,,,
3212,32,12,Clinton,,,,
3213,32,13,Crawford,,,,
3214,32,14,Daviess,,,,
3215,32,15,DeKalb,,,,
3216,32,16,Dearborn,,,,
3217,32,17,Decatur,,,,
3218,32,18,Delaware,,,,
3219,32,19,Dubois,,,,
3220,32,20,Elkhart,,,,
3221,32,21,Fayette,,,,
3222,32,22,Floyd,,,,
3223,32,23,Fountain,,,,
3224,32,24,Franklin,,,,
3225,32,25,Fulton,,,,
3226,32,26,Gibson,,,,
3227,32,27,Grant,,,,
3228,32,28,Greene,,,,
3229,32,29,Hamilton,,,,
3230,32,30,Hancock,,,,
3231,32,31,Harrison,,,,
3232,32,32,Hendricks,,,,
3233,32,33,Henry,,,,
3234,32,34,Howard,,,,
3235,32,35,Huntington,,,,
3236,32,36,Jackson,,,,
3237,32,37,Jasper,,,,
3238,32,38,Jay,,,,
3239,32,39,Jefferson,,,,
3240,32,40,Jennings,,,,
3241,32,41,Johnson,,,,
3242,32,42,Knox,,,,
3243,32,43,Kosciusko,,,,
3244,32,44,LaGrange,,,,
3245,32,45,LaPorte,,,,
3246,32,46,Lake,,,,
3247,32,47,Lawrence,,,,
3248,32,48,Madison,,,,
3249,32,49,Marion,,,,
3250,32,50,Marshall,,,,
3251,32,51,Martin,,,,
3252,32,52,Miami,,,,
3253,32,53,Monroe,,,,
3254,32,54,Montgomery,,,,
3255,32,55,Morgan,,,,
3256,32,56,Newton,,,,
3257,32,57,Noble,,,,
3258,32,58,Ohio,,,,
3259,32,59,Orange,,,,
3260,32,60,Owen,,,,
3261,32,61,Parke,,,,
3262,32,62,Perry,,,,
3263,32,63,Pike,,,,
3264,32,64,Porter,,,,
3265,32,65,Posey,,,,
3266,32,66,Pulaski,,,,
3267,32,67,Putnam,,,,
3268,32,68,Randolph,,,,
3269,32,69,Ripley,,,,
3270,32,70,Rush,,,,
3271,32,71,Scott,,,,
3272,32,72,Shelby,,,,
3273,32,73,Spencer,,,,
3274,32,74,St. Joseph,,,,
3275,32,75,Starke,,,,
3276,32,76,Steuben,,,,
3277,32,77,Sullivan,,,,
3278,32,78,Switzerland,,,,
3279,32,79,Tippecanoe,,,,
3280,32,80,Tipton,,,,
3281,32,81,Union,,,,
3282,32,82,Vanderburgh,,,,
3283,32,83,Vermillion,,,,
3284,32,84,Vigo,,,,
3285,32,85,Wabash,,,,
3286,32,86,Warren,,,,
3287,32,87,Warrick,,,,
3288,32,88,Washington,,,,
3289,32,89,Wayne,,,,
3290,32,90,Wells,,,,
3291,32,91,White,,,,
3292,32,92,Whitley,,,,
3301,33,01,Adair,,,,
3302,33,02,Adams,,,,
3303,33,03,Allamakee,,,,
3304,33,04,Appanoose,,,,
3305,33,05,Audubon,,,,
3306,33,06,Benton,,,,
3307,33,07,Black Hawk,,,,
3308,33,08,Boone,,,,
3309,33,09,Bremer,,,,
3310,33,10,Buchanan,,,,
3311,33,11,Buena Vista,,,,
3312,33,12,Butler,,,,
3313,33,13,Calhoun,,,,
3314,33,14,Carroll,,,,
3315,33,15,Cass,,,,
3316,33,16,Cedar,,,,
3317,33,17,Cerro Gordo,,,,
3318,33,18,Cherokee,,,,
3319,33,19,Chickasaw,,,,
3320,33,20,Clarke,,,,
3321,33,21,Clay,,,,
3322,33,22,Clayton,,,,
3323,33,23,Clinton,,,,
3324,33,24,Crawford,,,,
3325,33,25,Dallas,,,,
3326,33,26,Davis,,,,
3327,33,27,Decatur,,,,
3328,33,28,Delaware,,,,
3329,33,29,Des Moines,,,,
3330,33,30,Dickinson,,,,
3331,33,31,Dubuque,,,,
3332,33,32,Emmet,,,,
3333,33,33,Fayette,,,,
3334,33,34,Floyd,,,,
3335,33,35,Franklin,,,,
3336,33,36,Fremont,,,,
3337,33,37,Greene,,,,
3338,33,38,Grundy,,,,
3339,33,39,Guthrie,,,,
3340,33,40,Hamilton,,,,
3341,33,41,Hancock,,,,
3342,33,42,Hardin,,,,
3343,33,43,Harrison,,,,
3344,33,44,Henry,,,,
3345,33,45,Howard,,,,
3346,33,46,Humboldt,,,,
3347,33,47,Ida,,,,
3348,33,48,Iowa,,,,
3349,33,49,Jackson,,,,
3350,33,50,Jasper,,,,
3351,33,51,Jefferson,,,,
3352,33,52,Johnson,,,,
3353,33,53,Jones,,,,
3354,33,54,Keokuk,,,,
3355,33,55,Kossuth,,,,
3356,33,56,Lee,,,,
3357,33,57,Linn,,,,
3358,33,58,Louisa,,,,
3359,33,59,Lucas,,,,
3360,33,60,Lyon,,,,
3361,33,61,Madison,,,,
3362,33,62,Mahaska,,,,
3363,33,63,Marion,,,,
3364,33,64,Marshall,,,,
3365,33,65,Mills,,,,
3366,33,66,Mitchell,,,,
3367,33,67,Monona,,,,
3368,33,68,Monroe,,,,
3369,33,69,Montgomery,,,,
3370,33,70,Muscatine,,,,
3371,33,71,O Brien,,,,
3372,33,72,Osceola,,,,
3373,33,73,Page,,,,
3374,33,74,Palo Alto,,,,
3375,33,75,Plymouth,,,,
3376,33,76,Pocahontas,,,,
3377,33,77,Polk,,,,
3378,33,78,Pottawattamie,,,,
3379,33,79,Poweshiek,,,,
3380,33,80,Ringgold,,,,
3381,33,81,Sac,,,,
3382,33,82,Scott,,,,
3383,33,83,Shelby,,,,
3384,33,84,Sioux,,,,
3385,33,85,Story,,,,
3386,33,86,Tama,,,,
3387,33,87,Taylor,,,,
3388,33,88,Union,,,,
3389,33,89,Van Buren,,,,
3390,33,90,Wapello,,,,
3391,33,91,Warren,,,,
3392,33,92,Washington,,,,
3393,33,93,Wayne,,,,
3394,33,94,Webster,,,,
3395,33,95,Winnebago,,,,
3396,33,96,Winneshiek,,,,
3397,33,97,Woodbury,,,,
3398,33,98,Worth,,,,
3399,33,99,Wright,,,,
3401,34,01,Allen,,,,
3402,34,02,Anderson,,,,
3403,34,03,Atchison,,,,
3404,34,04,Barber,,,,
3405,34,05,Barton,,,,
3406,34,06,Bourbon,,,,
3407,34,07,Brown,,,,
3408,34,08,Butler,,,,
3409,34,09,Chase,,,,
3410,34,10,Chautauqua,,,,
3411,34,11,Cherokee,,,,
3412,34,12,Cheyenne,,,,
3413,34,13,Clark,,,,
3414,34,14,Clay,,,,
3415,34,15,Cloud,,,,
3416,34,16,Coffey,,,,
3417,34,17,Comanche,,,,
3418,34,18,Cowley,,,,
3419,34,19,Crawford,,,,
3420,34,20,Decatur,,,,
3421,34,21,Dickinson,,,,
3422,34,22,Doniphan,,,,
3423,34,23,Douglas,,,,
3424,34,24,Edwards,,,,
3425,34,25,Elk,,,,
3426,34,26,Ellis,,,,
3427,34,27,Ellsworth,,,,
3428,34,28,Finney,,,,
3429,34,29,Ford,,,,
3430,34,30,Franklin,,,,
3431,34,31,Geary,,,,
3432,34,32,Gove,,,,
3433,34,33,Graham,,,,
3434,34,34,Grant,,,,
3435,34,35,Gray,,,,
3436,34,36,Greeley,,,,
3437,34,37,Greenwood,,,,
3438,34,38,Hamilton,,,,
3439,34,39,Harper,,,,
3440,34,40,Harvey,,,,
3441,34,41,Haskell,,,,
3442,34,42,Hodgeman,,,,
3443,34,43,Jackson,,,,
3444,34,44,Jefferson,,,,
3445,34,45,Jewell,,,,
3446,34,46,Johnson,,,,
3447,34,47,Kearny,,,,
3448,34,48,Kingman,,,,
3449,34,49,Kiowa,,,,
3450,34,50,Labette,,,,
3451,34,51,Lane,,,,
3452,34,52,Leavenworth,,,,
3453,34,53,Lincoln,,,,
3454,34,54,Linn,,,,
3455,34,55,Logan,,,,
3456,34,56,Lyon,,,,
3457,34,57,Marion,,,,
3458,34,58,Marshall,,,,
3459,34,59,McPherson,,,,
3460,34,60,Meade,,,,
3461,34,61,Miami,,,,
3462,34,62,Mitchell,,,,
3463,34,63,Montgomery,,,,
3464,34,64,Morris,,,,
3465,34,65,Morton,,,,
3466,34,66,Nemaha,,,,
3467,34,67,Neosho,,,,
3468,34,68,Ness,,,,
3469,34,69,Norton,,,,
3470,34,70,Osage,,,,
3471,34,71,Osborne,,,,
3472,34,72,Ottawa,,,,
3473,34,73,Pawnee,,,,
3474,34,74,Phillips,,,,
3475,34,75,Pottawatomie,,,,
3476,34,76,Pratt,,,,
3477,34,77,Rawlins,,,,
3478,34,78,Reno,,,,
3479,34,79,Republic,,,,
3480,34,80,Rice,,,,
3481,34,81,Riley,,,,
3482,34,82,Rooks,,,,
3483,34,83,Rush,,,,
3484,34,84,Russell,,,,
3485,34,85,Saline,,,,
3486,34,86,Scott,,,,
3487,34,87,Sedgwick,,,,
3488,34,88,Seward,,,,
3489,34,89,Shawnee,,,,
3490,34,90,Sheridan,,,,
3491,34,91,Sherman,,,,
3492,34,92,Smith,,,,
3493,34,93,Stafford,,,,
3494,34,94,Stanton,,,,
3495,34,95,Stevens,,,,
3496,34,96,Sumner,,,,
3497,34,97,Thomas,,,,
3498,34,98,Trego,,,,
3499,34,99,Wabaunsee,,,,
34A1,34,A1,Wallace,,,,
34A2,34,A2,Washington,,,,
34A3,34,A3,Wichita,,,,
34A4,34,A4,Wilson,,,,
34A5,34,A5,Woodson,,,,
34A6,34,A6,Wyandotte,,,,
3501,35,01,Adair,,,,
3502,35,02,Allen,,,,
3503,35,03,Anderson,,,,
3504,35,04,Ballard,,,,
3505,35,05,Barren,,,,
3506,35,06,Bath,,,,
3507,35,07,Bell,,,,
3508,35,08,Boone,,,,
3509,35,09,Bourbon,,,,
3510,35,10,Boyd,,,,
3511,35,11,Boyle,,,,
3512,35,12,Bracken,,,,
3513,35,13,Breathitt,,,,
3514,35,14,Breckinridge,,,,
3515,35,15,Bullitt,,,,
3516,35,16,Butler,,,,
3517,35,17,Caldwell,,,,
3518,35,18,Calloway,,,,
3519,35,19,Campbell,,,,
3520,35,20,Carlisle,,,,
3521,35,21,Carroll,,,,
3522,35,22,Carter,,,,
3523,35,23,Casey,,,,
3524,35,24,Christian,,,,
3525,35,25,Clark,,,,
3526,35,26,Clay,,,,
3527,35,27,Clinton,,,,
3528,35,28,Crittenden,,,,
3529,35,29,Cumberland,,,,
3530,35,30,Daviess,,,,
3531,35,31,Edmonson,,,,
3532,35,32,Elliott,,,,
3533,35,33,Estill,,,,
3534,35,34,Fayette,,,,
3535,35,35,Fleming,,,,
3536,35,36,Floyd,,,,
3537,35,37,Franklin,,,,
3538,35,38,Fulton,,,,
3539,35,39,Gallatin,,,,
3540,35,40,Garrard,,,,
3541,35,41,Grant,,,,
3542,35,42,Graves,,,,
3543,35,43,Grayson,,,,
3544,35,44,Green,,,,
3545,35,45,Greenup,,,,
3546,35,46,Hancock,,,,
3547,35,47,Hardin,,,,
3548,35,48,Harlan,,,,
3549,35,49,Harrison,,,,
3550,35,50,Hart,,,,
3551,35,51,Henderson,,,,
3552,35,52,Henry,,,,
3553,35,53,Hickman,,,,
3554,35,54,Hopkins,,,,
3555,35,55,Jackson,,,,
3556,35,56,Jefferson,,,,
3557,35,57,Jessamine,,,,
3558,35,58,Johnson,,,,
3559,35,59,Kenton,,,,
3560,35,60,Knott,,,,
3561,35,61,Knox,,,,
3562,35,62,LaRue,,,,
3563,35,63,Laurel,,,,
3564,35,64,Lawrence,,,,
3565,35,65,Lee,,,,
3566,35,66,Leslie,,,,
3567,35,67,Letcher,,,,
3568,35,68,Lewis,,,,
3569,35,69,Lincoln,,,,
3570,35,70,Livingston,,,,
3571,35,71,Logan,,,,
3572,35,72,Lyon,,,,
3573,35,73,Madison,,,,
3574,35,74,Magoffin,,,,
3575,35,75,Marion,,,,
3576,35,76,Marshall,,,,
3577,35,77,Martin,,,,
3578,35,78,Mason,,,,
3579,35,79,McCracken,,,,
3580,35,80,McCreary,,,,
3581,35,81,McLean,,,,
3582,35,82,Meade,,,,
3583,35,83,Menifee,,,,
3584,35,84,Mercer,,,,
3585,35,85,Metcalfe,,,,
3586,35,86,Monroe,,,,
3587,35,87,Montgomery,,,,
3588,35,88,Morgan,,,,
3589,35,89,Muhlenberg,,,,
3590,35,90,Nelson,,,,
3591,35,91,Nicholas,,,,
3592,35,92,Ohio,,,,
3593,35,93,Oldham,,,,
3594,35,94,Owen,,,,
3595,35,95,Owsley,,,,
3596,35,96,Pendleton,,,,
3597,35,97,Perry,,,,
3598,35,98,Pike,,,,
3599,35,99,Powell,,,,
35A1,35,A1,Pulaski,,,,
35A2,35,A2,Robertson,,,,
35A3,35,A3,Rockcastle,,,,
35A4,35,A4,Rowan,,,,
35A5,35,A5,Russell,,,,
35A6,35,A6,Scott,,,,
35A7,35,A7,Shelby,,,,
35A8,35,A8,Simpson,,,,
35A9,35,A9,Spencer,,,,
35B1,35,B1,Taylor,,,,
35B2,35,B2,Todd,,,,
35B3,35,B3,Trigg,,,,
35B4,35,B4,Trimble,,,,
35B5,35,B5,Union,,,,
35B6,35,B6,Warren,,,,
35B7,35,B7,Washington,,,,
35B8,35,B8,Wayne,,,,
35B9,35,B9,Webster,,,,
35C1,35,C1,Whitley,,,,
35C2,35,C2,Wolfe,,,,
35C3,35,C3,Woodford,,,,
3601,36,01,Acadia Parish,,,,
3602,36,02,Allen Parish,,,,
3603,36,03,Ascension Parish,,,,
3604,36,04,Assumption Parish,,,,
3605,36,05,Avoyelles Parish,,,,
3606,36,06,Beauregard Parish,,,,
3607,36,07,Bienville Parish,,,,
3608,36,08,Bossier Parish,,,,
3609,36,09,Caddo Parish,,,,
3610,36,10,Calcasieu Parish,,,,
3611,36,11,Caldwell Parish,,,,
3612,36,12,Cameron Parish,,,,
3613,36,13,Catahoula Parish,,,,
3614,36,14,Claiborne Parish,,,,
3615,36,15,Concordia Parish,,,,
3616,36,16,DeSoto Parish,,,,
3617,36,17,East Baton Rouge Parish,,,,
3618,36,18,East Carroll Parish,,,,
3619,36,19,East Feliciana Parish,,,,
3620,36,20,Evangeline Parish,,,,
3621,36,21,Franklin Parish,,,,
3622,36,22,Grant Parish,,,,
3623,36,23,Iberia Parish,,,,
3624,36,24,Iberville Parish,,,,
3625,36,25,Jackson Parish,,,,
3626,36,26,Jefferson Davis Parish,,,,
3627,36,27,Jefferson Parish,,,,
3628,36,28,La Salle Parish,,,,
3629,36,29,Lafayette Parish,,,,
3630,36,30,Lafourche Parish,,,,
3631,36,31,Lincoln Parish,,,,
3632,36,32,Livingston Parish,,,,
3633,36,33,Madison Parish,,,,
3634,36,34,Morehouse Parish,,,,
3635,36,35,Natchitoches Parish,,,,
3636,36,36,Orleans Parish,,,,
3637,36,37,Ouachita Parish,,,,
3638,36,38,Plaquemines Parish,,,,
3639,36,39,Pointe Coupee Parish,,,,
3640,36,40,Rapides Parish,,,,
3641,36,41,Red River Parish,,,,
3642,36,42,Richland Parish,,,,
3643,36,43,Sabine Parish,,,,
3644,36,44,St. Bernard Parish,,,,
3645,36,45,St. Charles Parish,,,,
3646,36,46,St. Helena Parish,,,,
3647,36,47,St. James Parish,,,,
3648,36,48,St. John the Baptist Parish,,,,
3649,36,49,St. Landry Parish,,,,
3650,36,50,St. Martin Parish,,,,
3651,36,51,St. Mary Parish,,,,
3652,36,52,St. Tammany Parish,,,,
3653,36,53,Tangipahoa Parish,,,,
3654,36,54,Tensas Parish,,,,
3655,36,55,Terrebonne Parish,,,,
3656,36,56,Union Parish,,,,
3657,36,57,Vermilion Parish,,,,
3658,36,58,Vernon Parish,,,,
3659,36,59,Washington Parish,,,,
3660,36,60,Webster Parish,,,,
3661,36,61,West Baton Rouge Parish,,,,
3662,36,62,West Carroll Parish,,,,
3663,36,63,West Feliciana Parish,,,,
3664,36,64,Winn Parish,,,,
3701,37,01,Androscoggin,,,,
3702,37,02,Aroostook,,,,
3703,37,03,Cumberland,,,,
3704,37,04,Franklin,,,,
3705,37,05,Hancock,,,,
3706,37,06,Kennebec,,,,
3707,37,07,Knox,,,,
3708,37,08,Lincoln,,,,
3709,37,09,Oxford,,,,
3710,37,10,Penobscot,,,,
3711,37,11,Piscataquis,,,,
3712,37,12,Sagadahoc,,,,
3713,37,13,Somerset,,,,
3714,37,14,Waldo,,,,
3715,37,15,Washington,,,,
3716,37,16,York,,,,
3801,38,01,Allegany,,,,
3802,38,02,Anne Arundel,,,,
3803,38,03,Baltimore,,,,
3804,38,04,Baltimore,,,,
3805,38,05,Calvert,,,,
3806,38,06,Caroline,,,,
3807,38,07,Carroll,,,,
3808,38,08,Cecil,,,,
3809,38,09,Charles,,,,
3810,38,10,Dorchester,,,,
3811,38,11,Frederick,,,,
3812,38,12,Garrett,,,,
3813,38,13,Harford,,,,
3814,38,14,Howard,,,,
3815,38,15,Kent,,,,
3816,38,16,Montgomery,,,,
3817,38,17,Prince Georges,,,,
3818,38,18,Queen Annes,,,,
3819,38,19,Somerset,,,,
3820,38,20,St. Marys,,,,
3821,38,21,Talbot,,,,
3822,38,22,Washington,,,,
3823,38,23,Wicomico,,,,
3824,38,24,Worcester,,,,
3901,39,01,Barnstable,,,,
3902,39,02,Berkshire,,,,
3903,39,03,Bristol,,,,
3904,39,04,Dukes,,,,
3905,39,05,Essex,,,,
3906,39,06,Franklin,,,,
3907,39,07,Hampden,,,,
3908,39,08,Hampshire,,,,
3909,39,09,Middlesex,,,,
3910,39,10,Nantucket,,,,
3911,39,11,Norfolk,,,,
3912,39,12,Plymouth,,,,
3913,39,13,Suffolk,,,,
3914,39,14,Worcester,,,,
4001,40,01,Alcona,,,,
4002,40,02,Alger,,,,
4003,40,03,Allegan,,,,
4004,40,04,Alpena,,,,
4005,40,05,Antrim,,,,
4006,40,06,Arenac,,,,
4007,40,07,Baraga,,,,
4008,40,08,Barry,,,,
4009,40,09,Bay,,,,
4010,40,10,Benzie,,,,
4011,40,11,Berrien,,,,
4012,40,12,Branch,,,,
4013,40,13,Calhoun,,,,
4014,40,14,Cass,,,,
4015,40,15,Charlevoix,,,,
4016,40,16,Cheboygan,,,,
4017,40,17,Chippewa,,,,
4018,40,18,Clare,,,,
4019,40,19,Clinton,,,,
4020,40,20,Crawford,,,,
4021,40,21,Delta,,,,
4022,40,22,Dickinson,,,,
4023,40,23,Eaton,,,,
4024,40,24,Emmet,,,,
4025,40,25,Genesee,,,,
4026,40,26,Gladwin,,,,
4027,40,27,Gogebic,,,,
4028,40,28,Grand Traverse,,,,
4029,40,29,Gratiot,,,,
4030,40,30,Hillsdale,,,,
4031,40,31,Houghton,,,,
4032,40,32,Huron,,,,
4033,40,33,Ingham,,,,
4034,40,34,Ionia,,,,
4035,40,35,Iosco,,,,
4036,40,36,Iron,,,,
4037,40,37,Isabella,,,,
4038,40,38,Jackson,,,,
4039,40,39,Kalamazoo,,,,
4040,40,40,Kalkaska,,,,
4041,40,41,Kent,,,,
4042,40,42,Keweenaw,,,,
4043,40,43,Lake,,,,
4044,40,44,Lapeer,,,,
4045,40,45,Leelanau,,,,
4046,40,46,Lenawee,,,,
4047,40,47,Livingston,,,,
4048,40,48,Luce,,,,
4049,40,49,Mackinac,,,,
4050,40,50,Macomb,,,,
4051,40,51,Manistee,,,,
4052,40,52,Marquette,,,,
4053,40,53,Mason,,,,
4054,40,54,Mecosta,,,,
4055,40,55,Menominee,,,,
4056,40,56,Midland,,,,
4057,40,57,Missaukee,,,,
4058,40,58,Monroe,,,,
4059,40,59,Montcalm,,,,
4060,40,60,Montmorency,,,,
4061,40,61,Muskegon,,,,
4062,40,62,Newaygo,,,,
4063,40,63,Oakland,,,,
4064,40,64,Oceana,,,,
4065,40,65,Ogemaw,,,,
4066,40,66,Ontonagon,,,,
4067,40,67,Osceola,,,,
4068,40,68,Oscoda,,,,
4069,40,69,Otsego,,,,
4070,40,70,Ottawa,,,,
4071,40,71,Presque Isle,,,,
4072,40,72,Roscommon,,,,
4073,40,73,Saginaw,,,,
4074,40,74,Sanilac,,,,
4075,40,75,Schoolcraft,,,,
4076,40,76,Shiawassee,,,,
4077,40,77,St. Clair,,,,
4078,40,78,St. Joseph,,,,
4079,40,79,Tuscola,,,,
4080,40,80,Van Buren,,,,
4081,40,81,Washtenaw,,,,
4082,40,82,Wayne,,,,
4083,40,83,Wexford,,,,
4101,41,01,Aitkin,,,,
4102,41,02,Anoka,,,,
4103,41,03,Becker,,,,
4104,41,04,Beltrami,,,,
4105,41,05,Benton,,,,
4106,41,06,Big Stone,,,,
4107,41,07,Blue Earth,,,,
4108,41,08,Brown,,,,
4109,41,09,Carlton,,,,
4110,41,10,Carver,,,,
4111,41,11,Cass,,,,
4112,41,12,Chippewa,,,,
4113,41,13,Chisago,,,,
4114,41,14,Clay,,,,
4115,41,15,Clearwater,,,,
4116,41,16,Cook,,,,
4117,41,17,Cottonwood,,,,
4118,41,18,Crow Wing,,,,
4119,41,19,Dakota,,,,
4120,41,20,Dodge,,,,
4121,41,21,Douglas,,,,
4122,41,22,Faribault,,,,
4123,41,23,Fillmore,,,,
4124,41,24,Freeborn,,,,
4125,41,25,Goodhue,,,,
4126,41,26,Grant,,,,
4127,41,27,Hennepin,,,,
4128,41,28,Houston,,,,
4129,41,29,Hubbard,,,,
4130,41,30,Isanti,,,,
4131,41,31,Itasca,,,,
4132,41,32,Jackson,,,,
4133,41,33,Kanabec,,,,
4134,41,34,Kandiyohi,,,,
4135,41,35,Kittson,,,,
4136,41,36,Koochiching,,,,
4137,41,37,Lac qui Parle,,,,
4138,41,38,Lake,,,,
4139,41,39,Lake of the Woods,,,,
4140,41,40,Le Sueur,,,,
4141,41,41,Lincoln,,,,
4142,41,42,Lyon,,,,
4143,41,43,Mahnomen,,,,
4144,41,44,Marshall,,,,
4145,41,45,Martin,,,,
4146,41,46,McLeod,,,,
4147,41,47,Meeker,,,,
4148,41,48,Mille Lacs,,,,
4149,41,49,Morrison,,,,
4150,41,50,Mower,,,,
4151,41,51,Murray,,,,
4152,41,52,Nicollet,,,,
4153,41,53,Nobles,,,,
4154,41,54,Norman,,,,
4155,41,55,Olmsted,,,,
4156,41,56,Otter Tail,,,,
4157,41,57,Pennington,,,,
4158,41,58,Pine,,,,
4159,41,59,Pipestone,,,,
4160,41,60,Polk,,,,
4161,41,61,Pope,,,,
4162,41,62,Ramsey,,,,
4163,41,63,Red Lake,,,,
4164,41,64,Redwood,,,,
4165,41,65,Renville,,,,
4166,41,66,Rice,,,,
4167,41,67,Rock,,,,
4168,41,68,Roseau,,,,
4169,41,69,Scott,,,,
4170,41,70,Sherburne,,,,
4171,41,71,Sibley,,,,
4172,41,72,St. Louis,,,,
4173,41,73,Stearns,,,,
4174,41,74,Steele,,,,
4175,41,75,Stevens,,,,
4176,41,76,Swift,,,,
4177,41,77,Todd,,,,
4178,41,78,Traverse,,,,
4179,41,79,Wabasha,,,,
4180,41,80,Wadena,,,,
4181,41,81,Waseca,,,,
4182,41,82,Washington,,,,
4183,41,83,Watonwan,,,,
4184,41,84,Wilkin,,,,
4185,41,85,Winona,,,,
4186,41,86,Wright,,,,
4187,41,87,Yellow Medicine,,,,
4201,42,01,Adams,,,,
4202,42,02,Alcorn,,,,
4203,42,03,Amite,,,,
4204,42,04,Attala,,,,
4205,42,05,Benton,,,,
4206,42,06,Bolivar,,,,
4207,42,07,Calhoun,,,,
4208,42,08,Carroll,,,,
4209,42,09,Chickasaw,,,,
4210,42,10,Choctaw,,,,
4211,42,11,Claiborne,,,,
4212,42,12,Clarke,,,,
4213,42,13,Clay,,,,
4214,42,14,Coahoma,,,,
4215,42,15,Copiah,,,,
4216,42,16,Covington,,,,
4217,42,17,DeSoto,,,,
4218,42,18,Forrest,,,,
4219,42,19,Franklin,,,,
4220,42,20,George,,,,
4221,42,21,Greene,,,,
4222,42,22,Grenada,,,,
4223,42,23,Hancock,,,,
4224,42,24,Harrison,,,,
4225,42,25,Hinds,,,,
4226,42,26,Holmes,,,,
4227,42,27,Humphreys,,,,
4228,42,28,Issaquena,,,,
4229,42,29,Itawamba,,,,
4230,42,30,Jackson,,,,
4231,42,31,Jasper,,,,
4232,42,32,Jefferson,,,,
4233,42,33,Jefferson Davis,,,,
4234,42,34,Jones,,,,
4235,42,35,Kemper,,,,
4236,42,36,Lafayette,,,,
4237,42,37,Lamar,,,,
4238,42,38,Lauderdale,,,,
4239,42,39,Lawrence,,,,
4240,42,40,Leake,,,,
4241,42,41,Lee,,,,
4242,42,42,Leflore,,,,
4243,42,43,Lincoln,,,,
4244,42,44,Lowndes,,,,
4245,42,45,Madison,,,,
4246,42,46,Marion,,,,
4247,42,47,Marshall,,,,
4248,42,48,Monroe,,,,
4249,42,49,Montgomery,,,,
4250,42,50,Neshoba,,,,
4251,42,51,Newton,,,,
4252,42,52,Noxubee,,,,
4253,42,53,Oktibbeha,,,,
4254,42,54,Panola,,,,
4255,42,55,Pearl River,,,,
4256,42,56,Perry,,,,
4257,42,57,Pike,,,,
4258,42,58,Pontotoc,,,,
4259,42,59,Prentiss,,,,
4260,42,60,Quitman,,,,
4261,42,61,Rankin,,,,
4262,42,62,Scott,,,,
4263,42,63,Sharkey,,,,
4264,42,64,Simpson,,,,
4265,42,65,Smith,,,,
4266,42,66,Stone,,,,
4267,42,67,Sunflower,,,,
4268,42,68,Tallahatchie,,,,
4269,42,69,Tate,,,,
4270,42,70,Tippah,,,,
4271,42,71,Tishomingo,,,,
4272,42,72,Tunica,,,,
4273,42,73,Union,,,,
4274,42,74,Walthall,,,,
4275,42,75,Warren,,,,
4276,42,76,Washington,,,,
4277,42,77,Wayne,,,,
4278,42,78,Webster,,,,
4279,42,79,Wilkinson,,,,
4280,42,80,Winston,,,,
4281,42,81,Yalobusha,,,,
4282,42,82,Yazoo,,,,
4301,43,01,Adair,,,,
4302,43,02,Andrew,,,,
4303,43,03,Atchison,,,,
4304,43,04,Audrain,,,,
4305,43,05,Barry,,,,
4306,43,06,Barton,,,,
4307,43,07,Bates,,,,
4308,43,08,Benton,,,,
4309,43,09,Bollinger,,,,
4310,43,10,Boone,,,,
4311,43,11,Buchanan,,,,
4312,43,12,Butler,,,,
4313,43,13,Caldwell,,,,
4314,43,14,Callaway,,,,
4315,43,15,Camden,,,,
4316,43,16,Cape Girardeau,,,,
4317,43,17,Carroll,,,,
4318,43,18,Carter,,,,
4319,43,19,Cass,,,,
4320,43,20,Cedar,,,,
4321,43,21,Chariton,,,,
4322,43,22,Christian,,,,
4323,43,23,Clark,,,,
4324,43,24,Clay,,,,
4325,43,25,Clinton,,,,
4326,43,26,Cole,,,,
4327,43,27,Cooper,,,,
4328,43,28,Crawford,,,,
4329,43,29,Dade,,,,
4330,43,30,Dallas,,,,
4331,43,31,Daviess,,,,
4332,43,32,DeKalb,,,,
4333,43,33,Dent,,,,
4334,43,34,Douglas,,,,
4335,43,35,Dunklin,,,,
4336,43,36,Franklin,,,,
4337,43,37,Gasconade,,,,
4338,43,38,Gentry,,,,
4339,43,39,Greene,,,,
4340,43,40,Grundy,,,,
4341,43,41,Harrison,,,,
4342,43,42,Henry,,,,
4343,43,43,Hickory,,,,
4344,43,44,Holt,,,,
4345,43,45,Howard,,,,
4346,43,46,Howell,,,,
4347,43,47,Iron,,,,
4348,43,48,Jackson,,,,
4349,43,49,Jasper,,,,
4350,43,50,Jefferson,,,,
4351,43,51,Johnson,,,,
4352,43,52,Knox,,,,
4353,43,53,Laclede,,,,
4354,43,54,Lafayette,,,,
4355,43,55,Lawrence,,,,
4356,43,56,Lewis,,,,
4357,43,57,Lincoln,,,,
4358,43,58,Linn,,,,
4359,43,59,Livingston,,,,
4360,43,60,Macon,,,,
4361,43,61,Madison,,,,
4362,43,62,Maries,,,,
4363,43,63,Marion,,,,
4364,43,64,McDonald,,,,
4365,43,65,Mercer,,,,
4366,43,66,Miller,,,,
4367,43,67,Mississippi,,,,
4368,43,68,Moniteau,,,,
4369,43,69,Monroe,,,,
4370,43,70,Montgomery,,,,
4371,43,71,Morgan,,,,
4372,43,72,New Madrid,,,,
4373,43,73,Newton,,,,
4374,43,74,Nodaway,,,,
4375,43,75,Oregon,,,,
4376,43,76,Osage,,,,
4377,43,77,Ozark,,,,
4378,43,78,Pemiscot,,,,
4379,43,79,Perry,,,,
4380,43,80,Pettis,,,,
4381,43,81,Phelps,,,,
4382,43,82,Pike,,,,
4383,43,83,Platte,,,,
4384,43,84,Polk,,,,
4385,43,85,Pulaski,,,,
4386,43,86,Putnam,,,,
4387,43,87,Ralls,,,,
4388,43,88,Randolph,,,,
4389,43,89,Ray,,,,
4390,43,90,Reynolds,,,,
4391,43,91,Ripley,,,,
4392,43,92,Saline,,,,
4393,43,93,Schuyler,,,,
4394,43,94,Scotland,,,,
4395,43,95,Scott,,,,
4396,43,96,Shannon,,,,
4397,43,97,Shelby,,,,
4398,43,98,St. Charles,,,,
4399,43,99,St. Clair,,,,
43A1,43,A1,St. Francois,,,,
43A2,43,A2,St. Louis,,,,
43A3,43,A3,St. Louis,,,,
43A4,43,A4,Ste. Genevieve,,,,
43A5,43,A5,Stoddard,,,,
43A6,43,A6,Stone,,,,
43A7,43,A7,Sullivan,,,,
43A8,43,A8,Taney,,,,
43A9,43,A9,Texas,,,,
43B1,43,B1,Vernon,,,,
43B2,43,B2,Warren,,,,
43B3,43,B3,Washington,,,,
43B4,43,B4,Wayne,,,,
43B5,43,B5,Webster,,,,
43B6,43,B6,Worth,,,,
43B7,43,B7,Wright,,,,
4401,44,01,Beaverhead,,,,
4402,44,02,Big Horn,,,,
4403,44,03,Blaine,,,,
4404,44,04,Broadwater,,,,
4405,44,05,Carbon,,,,
4406,44,06,Carter,,,,
4407,44,07,Cascade,,,,
4408,44,08,Chouteau,,,,
4409,44,09,Custer,,,,
4410,44,10,Daniels,,,,
4411,44,11,Dawson,,,,
4412,44,12,Deer Lodge,,,,
4413,44,13,Fallon,,,,
4414,44,14,Fergus,,,,
4415,44,15,Flathead,,,,
4416,44,16,Gallatin,,,,
4417,44,17,Garfield,,,,
4418,44,18,Glacier,,,,
4419,44,19,Golden Valley,,,,
4420,44,20,Granite,,,,
4421,44,21,Hill,,,,
4422,44,22,Jefferson,,,,
4423,44,23,Judith Basin,,,,
4424,44,24,Lake,,,,
4425,44,25,Lewis and Clark,,,,
4426,44,26,Liberty,,,,
4427,44,27,Lincoln,,,,
4428,44,28,Madison,,,,
4429,44,29,McCone,,,,
4430,44,30,Meagher,,,,
4431,44,31,Mineral,,,,
4432,44,32,Missoula,,,,
4433,44,33,Musselshell,,,,
4434,44,34,Park,,,,
4435,44,35,Petroleum,,,,
4436,44,36,Phillips,,,,
4437,44,37,Pondera,,,,
4438,44,38,Powder River,,,,
4439,44,39,Powell,,,,
4440,44,40,Prairie,,,,
4441,44,41,Ravalli,,,,
4442,44,42,Richland,,,,
4443,44,43,Roosevelt,,,,
4444,44,44,Rosebud,,,,
4445,44,45,Sanders,,,,
4446,44,46,Sheridan,,,,
4447,44,47,Silver Bow,,,,
4448,44,48,Stillwater,,,,
4449,44,49,Sweet Grass,,,,
4450,44,50,Teton,,,,
4451,44,51,Toole,,,,
4452,44,52,Treasure,,,,
4453,44,53,Valley,,,,
4454,44,54,Wheatland,,,,
4455,44,55,Wibaux,,,,
4456,44,56,Yellowstone,,,,
4501,45,01,Adams,,,,
4502,45,02,Antelope,,,,
4503,45,03,Arthur,,,,
4504,45,04,Banner,,,,
4505,45,05,Blaine,,,,
4506,45,06,Boone,,,,
4507,45,07,Box Butte,,,,
4508,45,08,Boyd,,,,
4509,45,09,Brown,,,,
4510,45,10,Buffalo,,,,
4511,45,11,Burt,,,,
4512,45,12,Butler,,,,
4513,45,13,Cass,,,,
4514,45,14,Cedar,,,,
4515,45,15,Chase,,,,
4516,45,16,Cherry,,,,
4517,45,17,Cheyenne,,,,
4518,45,18,Clay,,,,
4519,45,19,Colfax,,,,
4520,45,20,Cuming,,,,
4521,45,21,Custer,,,,
4522,45,22,Dakota,,,,
4523,45,23,Dawes,,,,
4524,45,24,Dawson,,,,
4525,45,25,Deuel,,,,
4526,45,26,Dixon,,,,
4527,45,27,Dodge,,,,
4528,45,28,Douglas,,,,
4529,45,29,Dundy,,,,
4530,45,30,Fillmore,,,,
4531,45,31,Franklin,,,,
4532,45,32,Frontier,,,,
4533,45,33,Furnas,,,,
4534,45,34,Gage,,,,
4535,45,35,Garden,,,,
4536,45,36,Garfield,,,,
4537,45,37,Gosper,,,,
4538,45,38,Grant,,,,
4539,45,39,Greeley,,,,
4540,45,40,Hall,,,,
4541,45,41,Hamilton,,,,
4542,45,42,Harlan,,,,
4543,45,43,Hayes,,,,
4544,45,44,Hitchcock,,,,
4545,45,45,Holt,,,,
4546,45,46,Hooker,,,,
4547,45,47,Howard,,,,
4548,45,48,Jefferson,,,,
4549,45,49,Johnson,,,,
4550,45,50,Kearney,,,,
4551,45,51,Keith,,,,
4552,45,52,Keya Paha,,,,
4553,45,53,Kimball,,,,
4554,45,54,Knox,,,,
4555,45,55,Lancaster,,,,
4556,45,56,Lincoln,,,,
4557,45,57,Logan,,,,
4558,45,58,Loup,,,,
4559,45,59,Madison,,,,
4560,45,60,McPherson,,,,
4561,45,61,Merrick,,,,
4562,45,62,Morrill,,,,
4563,45,63,Nance,,,,
4564,45,64,Nemaha,,,,
4565,45,65,Nuckolls,,,,
4566,45,66,Otoe,,,,
4567,45,67,Pawnee,,,,
4568,45,68,Perkins,,,,
4569,45,69,Phelps,,,,
4570,45,70,Pierce,,,,
4571,45,71,Platte,,,,
4572,45,72,Polk,,,,
4573,45,73,Red Willow,,,,
4574,45,74,Richardson,,,,
4575,45,75,Rock,,,,
4576,45,76,Saline,,,,
4577,45,77,Sarpy,,,,
4578,45,78,Saunders,,,,
4579,45,79,Scotts Bluff,,,,
4580,45,80,Seward,,,,
4581,45,81,Sheridan,,,,
4582,45,82,Sherman,,,,
4583,45,83,Sioux,,,,
4584,45,84,Stanton,,,,
4585,45,85,Thayer,,,,
4586,45,86,Thomas,,,,
4587,45,87,Thurston,,,,
4588,45,88,Valley,,,,
4589,45,89,Washington,,,,
4590,45,90,Wayne,,,,
4591,45,91,Webster,,,,
4592,45,92,Wheeler,,,,
4593,45,93,York,,,,
4601,46,01,Carson City,,,,
4602,46,02,Churchill,,,,
4603,46,03,Clark,,,,
4604,46,04,Douglas,,,,
4605,46,05,Elko,,,,
4606,46,06,Esmeralda,,,,
4607,46,07,Eureka,,,,
4608,46,08,Humboldt,,,,
4609,46,09,Lander,,,,
4610,46,10,Lincoln,,,,
4611,46,11,Lyon,,,,
4612,46,12,Mineral,,,,
4613,46,13,Nye,,,,
4614,46,14,Pershing,,,,
4615,46,15,Storey,,,,
4616,46,16,Washoe,,,,
4617,46,17,White Pine,,,,
4701,47,01,Atlantic,,,,
4702,47,02,Bergen,,,,
4703,47,03,Burlington,,,,
4704,47,04,Camden,,,,
4705,47,05,Cape May,,,,
4706,47,06,Cumberland,,,,
4707,47,07,Essex,,,,
4708,47,08,Gloucester,,,,
4709,47,09,Hudson,,,,
4710,47,10,Hunterdon,,,,
4711,47,11,Mercer,,,,
4712,47,12,Middlesex,,,,
4713,47,13,Monmouth,,,,
4714,47,14,Morris,,,,
4715,47,15,Ocean,,,,
4716,47,16,Passaic,,,,
4717,47,17,Salem,,,,
4718,47,18,Somerset,,,,
4719,47,19,Sussex,,,,
4720,47,20,Union,,,,
4721,47,21,Warren,,,,
4801,48,01,Albany,,,,
4802,48,02,Allegany,,,,
4803,48,03,Brooklyn,,,,
4804,48,04,Broome,,,,
4805,48,05,Cattaraugus,,,,
4806,48,06,Cayuga,,,,
4807,48,07,Chautauqua,,,,
4808,48,08,Chemung,,,,
4809,48,09,Chenango,,,,
4810,48,10,Clinton,,,,
4811,48,11,Columbia,,,,
4812,48,12,Cortland,,,,
4813,48,13,Delaware,,,,
4814,48,14,Dutchess,,,,
4815,48,15,Erie,,,,
4816,48,16,Essex,,,,
4817,48,17,Franklin,,,,
4818,48,18,Fulton,,,,
4819,48,19,Genesee,,,,
4820,48,20,Greene,,,,
4821,48,21,Hamilton,,,,
4822,48,22,Herkimer,,,,
4823,48,23,Jefferson,,,,
4824,48,24,Lewis,,,,
4825,48,25,Livingston,,,,
4826,48,26,Madison,,,,
4827,48,27,Manhattan,,,,
4828,48,28,Monroe,,,,
4829,48,29,Montgomery,,,,
4830,48,30,Nassau,,,,
4831,48,31,New York,,,,
4832,48,32,Niagara,,,,
4833,48,33,Oneida,,,,
4834,48,34,Onondaga,,,,
4835,48,35,Ontario,,,,
4836,48,36,Orange,,,,
4837,48,37,Orleans,,,,
4838,48,38,Oswego,,,,
4839,48,39,Otsego,,,,
4840,48,40,Putnam,,,,
4841,48,41,Queens,,,,
4842,48,42,Rensselaer,,,,
4843,48,43,Rockland,,,,
4844,48,44,Saratoga,,,,
4845,48,45,Schenectady,,,,
4846,48,46,Schoharie,,,,
4847,48,47,Schuyler,,,,
4848,48,48,Seneca,,,,
4849,48,49,St. Lawrence,,,,
4850,48,50,Staten Island,,,,
4851,48,51,Steuben,,,,
4852,48,52,Suffolk,,,,
4853,48,53,Sullivan,,,,
4854,48,54,The Bronx,,,,
4855,48,55,Tioga,,,,
4856,48,56,Tompkins,,,,
4857,48,57,Ulster,,,,
4858,48,58,Warren,,,,
4859,48,59,Washington,,,,
4860,48,60,Wayne,,,,
4861,48,61,Westchester,,,,
4862,48,62,Wyoming,,,,
4863,48,63,Yates,,,,
4901,49,01,Belknap,,,,
4902,49,02,Carroll,,,,
4903,49,03,Cheshire,,,,
4904,49,04,Coös,,,,
4905,49,05,Grafton,,,,
4906,49,06,Hillsborough,,,,
4907,49,07,Merrimack,,,,
4908,49,08,Rockingham,,,,
4909,49,09,Strafford,,,,
4910,49,10,Sullivan,,,,
5001,50,01,Bernalillo,,,,
5002,50,02,Catron,,,,
5003,50,03,Chaves,,,,
5004,50,04,Cibola,,,,
5005,50,05,Colfax,,,,
5006,50,06,Curry,,,,
5007,50,07,De Baca,,,,
5008,50,08,Doña Ana,,,,
5009,50,09,Eddy,,,,
5010,50,10,Grant,,,,
5011,50,11,Guadalupe,,,,
5012,50,12,Harding,,,,
5013,50,13,Hidalgo,,,,
5014,50,14,Lea,,,,
5015,50,15,Lincoln,,,,
5016,50,16,Los Alamos,,,,
5017,50,17,Luna,,,,
5018,50,18,McKinley,,,,
5019,50,19,Mora,,,,
5020,50,20,Otero,,,,
5021,50,21,Quay,,,,
5022,50,22,Rio Arriba,,,,
5023,50,23,Roosevelt,,,,
5024,50,24,San Juan,,,,
5025,50,25,San Miguel,,,,
5026,50,26,Sandoval,,,,
5027,50,27,Santa Fe,,,,
5028,50,28,Sierra,,,,
5029,50,29,Socorro,,,,
5030,50,30,Taos,,,,
5031,50,31,Torrance,,,,
5032,50,32,Union,,,,
5033,50,33,Valencia,,,,
5101,51,01,Adams,,,,
5102,51,02,Allen,,,,
5103,51,03,Ashland,,,,
5104,51,04,Ashtabula,,,,
5105,51,05,Athens,,,,
5106,51,06,Auglaize,,,,
5107,51,07,Belmont,,,,
5108,51,08,Brown,,,,
5109,51,09,Butler,,,,
5110,51,10,Carroll,,,,
5111,51,11,Champaign,,,,
5112,51,12,Clark,,,,
5113,51,13,Clermont,,,,
5114,51,14,Clinton,,,,
5115,51,15,Columbiana,,,,
5116,51,16,Coshocton,,,,
5117,51,17,Crawford,,,,
5118,51,18,Cuyahoga,,,,
5119,51,19,Darke,,,,
5120,51,20,Defiance,,,,
5121,51,21,Delaware,,,,
5122,51,22,Erie,,,,
5123,51,23,Fairfield,,,,
5124,51,24,Fayette,,,,
5125,51,25,Franklin,,,,
5126,51,26,Fulton,,,,
5127,51,27,Gallia,,,,
5128,51,28,Geauga,,,,
5129,51,29,Greene,,,,
5130,51,30,Guernsey,,,,
5131,51,31,Hamilton,,,,
5132,51,32,Hancock,,,,
5133,51,33,Hardin,,,,
5134,51,34,Harrison,,,,
5135,51,35,Henry,,,,
5136,51,36,Highland,,,,
5137,51,37,Hocking,,,,
5138,51,38,Holmes,,,,
5139,51,39,Huron,,,,
5140,51,40,Jackson,,,,
5141,51,41,Jefferson,,,,
5142,51,42,Knox,,,,
5143,51,43,Lake,,,,
5144,51,44,Lawrence,,,,
5145,51,45,Licking,,,,
5146,51,46,Logan,,,,
5147,51,47,Lorain,,,,
5148,51,48,Lucas,,,,
5149,51,49,Madison,,,,
5150,51,50,Mahoning,,,,
5151,51,51,Marion,,,,
5152,51,52,Medina,,,,
5153,51,53,Meigs,,,,
5154,51,54,Mercer,,,,
5155,51,55,Miami,,,,
5156,51,56,Monroe,,,,
5157,51,57,Montgomery,,,,
5158,51,58,Morgan,,,,
5159,51,59,Morrow,,,,
5160,51,60,Muskingum,,,,
5161,51,61,Noble,,,,
5162,51,62,Ottawa,,,,
5163,51,63,Paulding,,,,
5164,51,64,Perry,,,,
5165,51,65,Pickaway,,,,
5166,51,66,Pike,,,,
5167,51,67,Portage,,,,
5168,51,68,Preble,,,,
5169,51,69,Putnam,,,,
5170,51,70,Richland,,,,
5171,51,71,Ross,,,,
5172,51,72,Sandusky,,,,
5173,51,73,Scioto,,,,
5174,51,74,Seneca,,,,
5175,51,75,Shelby,,,,
5176,51,76,Stark,,,,
5177,51,77,Summit,,,,
5178,51,78,Trumbull,,,,
5179,51,79,Tuscarawas,,,,
5180,51,80,Union,,,,
5181,51,81,Van Wert,,,,
5182,51,82,Vinton,,,,
5183,51,83,Warren,,,,
5184,51,84,Washington,,,,
5185,51,85,Wayne,,,,
5186,51,86,Williams,,,,
5187,51,87,Wood,,,,
5188,51,88,Wyandot,,,,
5201,52,01,Adair,,,,
5202,52,02,Alfalfa,,,,
5203,52,03,Atoka,,,,
5204,52,04,Beaver,,,,
5205,52,05,Beckham,,,,
5206,52,06,Blaine,,,,
5207,52,07,Bryan,,,,
5208,52,08,Caddo,,,,
5209,52,09,Canadian,,,,
5210,52,10,Carter,,,,
5211,52,11,Cherokee,,,,
5212,52,12,Choctaw,,,,
5213,52,13,Cimarron,,,,
5214,52,14,Cleveland,,,,
5215,52,15,Coal,,,,
5216,52,16,Comanche,,,,
5217,52,17,Cotton,,,,
5218,52,18,Craig,,,,
5219,52,19,Creek,,,,
5220,52,20,Custer,,,,
5221,52,21,Delaware,,,,
5222,52,22,Dewey,,,,
5223,52,23,Ellis,,,,
5224,52,24,Garfield,,,,
5225,52,25,Garvin,,,,
5226,52,26,Grady,,,,
5227,52,27,Grant,,,,
5228,52,28,Greer,,,,
5229,52,29,Harmon,,,,
5230,52,30,Harper,,,,
5231,52,31,Haskell,,,,
5232,52,32,Hughes,,,,
5233,52,33,Jackson,,,,
5234,52,34,Jefferson,,,,
5235,52,35,Johnston,,,,
5236,52,36,Kay,,,,
5237,52,37,Kingfisher,,,,
5238,52,38,Kiowa,,,,
5239,52,39,Latimer,,,,
5240,52,40,Le Flore,,,,
5241,52,41,Lincoln,,,,
5242,52,42,Logan,,,,
5243,52,43,Love,,,,
5244,52,44,Major,,,,
5245,52,45,Marshall,,,,
5246,52,46,Mayes,,,,
5247,52,47,McClain,,,,
5248,52,48,McCurtain,,,,
5249,52,49,McIntosh,,,,
5250,52,50,Murray,,,,
5251,52,51,Muskogee,,,,
5252,52,52,Noble,,,,
5253,52,53,Nowata,,,,
5254,52,54,Okfuskee,,,,
5255,52,55,Oklahoma,,,,
5256,52,56,Okmulgee,,,,
5257,52,57,Osage,,,,
5258,52,58,Ottawa,,,,
5259,52,59,Pawnee,,,,
5260,52,60,Payne,,,,
5261,52,61,Pittsburg,,,,
5262,52,62,Pontotoc,,,,
5263,52,63,Pottawatomie,,,,
5264,52,64,Pushmataha,,,,
5265,52,65,Roger Mills,,,,
5266,52,66,Rogers,,,,
5267,52,67,Seminole,,,,
5268,52,68,Sequoyah,,,,
5269,52,69,Stephens,,,,
5270,52,70,Texas,,,,
5271,52,71,Tillman,,,,
5272,52,72,Tulsa,,,,
5273,52,73,Wagoner,,,,
5274,52,74,Washington,,,,
5275,52,75,Washita,,,,
5276,52,76,Woods,,,,
5277,52,77,Woodward,,,,
5301,53,01,Baker,,,,
5302,53,02,Benton,,,,
5303,53,03,Clackamas,,,,
5304,53,04,Clatsop,,,,
5305,53,05,Columbia,,,,
5306,53,06,Coos,,,,
5307,53,07,Crook,,,,
5308,53,08,Curry,,,,
5309,53,09,Deschutes,,,,
5310,53,10,Douglas,,,,
5311,53,11,Gilliam,,,,
5312,53,12,Grant,,,,
5313,53,13,Harney,,,,
5314,53,14,Hood River,,,,
5315,53,15,Jackson,,,,
5316,53,16,Jefferson,,,,
5317,53,17,Josephine,,,,
5318,53,18,Klamath,,,,
5319,53,19,Lake,,,,
5320,53,20,Lane,,,,
5321,53,21,Lincoln,,,,
5322,53,22,Linn,,,,
5323,53,23,Malheur,,,,
5324,53,24,Marion,,,,
5325,53,25,Morrow,,,,
5326,53,26,Multnomah,,,,
5327,53,27,Polk,,,,
5328,53,28,Sherman,,,,
5329,53,29,Tillamook,,,,
5330,53,30,Umatilla,,,,
5331,53,31,Union,,,,
5332,53,32,Wallowa,,,,
5333,53,33,Wasco,,,,
5334,53,34,Washington,,,,
5335,53,35,Wheeler,,,,
5336,53,36,Yamhill,,,,
5401,54,01,Adams,,,,
5402,54,02,Allegheny,,,,
5403,54,03,Armstrong,,,,
5404,54,04,Beaver,,,,
5405,54,05,Bedford,,,,
5406,54,06,Berks,,,,
5407,54,07,Blair,,,,
5408,54,08,Bradford,,,,
5409,54,09,Bucks,,,,
5410,54,10,Butler,,,,
5411,54,11,Cambria,,,,
5412,54,12,Cameron,,,,
5413,54,13,Carbon,,,,
5414,54,14,Centre,,,,
5415,54,15,Chester,,,,
5416,54,16,Clarion,,,,
5417,54,17,Clearfield,,,,
5418,54,18,Clinton,,,,
5419,54,19,Columbia,,,,
5420,54,20,Crawford,,,,
5421,54,21,Cumberland,,,,
5422,54,22,Dauphin,,,,
5423,54,23,Delaware,,,,
5424,54,24,Elk,,,,
5425,54,25,Erie,,,,
5426,54,26,Fayette,,,,
5427,54,27,Forest,,,,
5428,54,28,Franklin,,,,
5429,54,29,Fulton,,,,
5430,54,30,Greene,,,,
5431,54,31,Huntingdon,,,,
5432,54,32,Indiana,,,,
5433,54,33,Jefferson,,,,
5434,54,34,Juniata,,,,
5435,54,35,Lackawanna,,,,
5436,54,36,Lancaster,,,,
5437,54,37,Lawrence,,,,
5438,54,38,Lebanon,,,,
5439,54,39,Lehigh,,,,
5440,54,40,Luzerne,,,,
5441,54,41,Lycoming,,,,
5442,54,42,McKean,,,,
5443,54,43,Mercer,,,,
5444,54,44,Mifflin,,,,
5445,54,45,Monroe,,,,
5446,54,46,Montgomery,,,,
5447,54,47,Montour,,,,
5448,54,48,Northampton,,,,
5449,54,49,Northumberland,,,,
5450,54,50,Perry,,,,
5451,54,51,Philadelphia,,,,
5452,54,52,Pike,,,,
5453,54,53,Potter,,,,
5454,54,54,Schuylkill,,,,
5455,54,55,Snyder,,,,
5456,54,56,Somerset,,,,
5457,54,57,Sullivan,,,,
5458,54,58,Susquehanna,,,,
5459,54,59,Tioga,,,,
5460,54,60,Union,,,,
5461,54,61,Venango,,,,
5462,54,62,Warren,,,,
5463,54,63,Washington,,,,
5464,54,64,Wayne,,,,
5465,54,65,Westmoreland,,,,
5466,54,66,Wyoming,,,,
5467,54,67,York,,,,
5501,55,01,Bristol,,,,
5502,55,02,Kent,,,,
5503,55,03,Newport,,,,
5504,55,04,Providence,,,,
5505,55,05,Washington,,,,
5601,56,01,Anderson,,,,
5602,56,02,Bedford,,,,
5603,56,03,Benton,,,,
5604,56,04,Bledsoe,,,,
5605,56,05,Blount,,,,
5606,56,06,Bradley,,,,
5607,56,07,Campbell,,,,
5608,56,08,Cannon,,,,
5609,56,09,Carroll,,,,
5610,56,10,Carter,,,,
5611,56,11,Cheatham,,,,
5612,56,12,Chester,,,,
5613,56,13,Claiborne,,,,
5614,56,14,Clay,,,,
5615,56,15,Cocke,,,,
5616,56,16,Coffee,,,,
5617,56,17,Crockett,,,,
5618,56,18,Cumberland,,,,
5619,56,19,Davidson,,,,
5620,56,20,DeKalb,,,,
5621,56,21,Decatur,,,,
5622,56,22,Dickson,,,,
5623,56,23,Dyer,,,,
5624,56,24,Fayette,,,,
5625,56,25,Fentress,,,,
5626,56,26,Franklin,,,,
5627,56,27,Gibson,,,,
5628,56,28,Giles,,,,
5629,56,29,Grainger,,,,
5630,56,30,Greene,,,,
5631,56,31,Grundy,,,,
5632,56,32,Hamblen,,,,
5633,56,33,Hamilton,,,,
5634,56,34,Hancock,,,,
5635,56,35,Hardeman,,,,
5636,56,36,Hardin,,,,
5637,56,37,Hawkins,,,,
5638,56,38,Haywood,,,,
5639,56,39,Henderson,,,,
5640,56,40,Henry,,,,
5641,56,41,Hickman,,,,
5642,56,42,Houston,,,,
5643,56,43,Humphreys,,,,
5644,56,44,Jackson,,,,
5645,56,45,Jefferson,,,,
5646,56,46,Johnson,,,,
5647,56,47,Knox,,,,
5648,56,48,Lake,,,,
5649,56,49,Lauderdale,,,,
5650,56,50,Lawrence,,,,
5651,56,51,Lewis,,,,
5652,56,52,Lincoln,,,,
5653,56,53,Loudon,,,,
5654,56,54,Macon,,,,
5655,56,55,Madison,,,,
5656,56,56,Marion,,,,
5657,56,57,Marshall,,,,
5658,56,58,Maury,,,,
5659,56,59,McMinn,,,,
5660,56,60,McNairy,,,,
5661,56,61,Meigs,,,,
5662,56,62,Monroe,,,,
5663,56,63,Montgomery,,,,
5664,56,64,Moore,,,,
5665,56,65,Morgan,,,,
5666,56,66,Obion,,,,
5667,56,67,Overton,,,,
5668,56,68,Perry,,,,
5669,56,69,Pickett,,,,
5670,56,70,Polk,,,,
5671,56,71,Putnam,,,,
5672,56,72,Rhea,,,,
5673,56,73,Roane,,,,
5674,56,74,Robertson,,,,
5675,56,75,Rutherford,,,,
5676,56,76,Scott,,,,
5677,56,77,Sequatchie,,,,
5678,56,78,Sevier,,,,
5679,56,79,Shelby,,,,
5680,56,80,Smith,,,,
5681,56,81,Stewart,,,,
5682,56,82,Sullivan,,,,
5683,56,83,Sumner,,,,
5684,56,84,Tipton,,,,
5685,56,85,Trousdale,,,,
5686,56,86,Unicoi,,,,
5687,56,87,Union,,,,
5688,56,88,Van Buren,,,,
5689,56,89,Warren,,,,
5690,56,90,Washington,,,,
5691,56,91,Wayne,,,,
5692,56,92,Weakley,,,,
5693,56,93,White,,,,
5694,56,94,Williamson,,,,
5695,56,95,Wilson,,,,
5701,57,01,Anderson,,,,
5702,57,02,Andrews,,,,
5703,57,03,Angelina,,,,
5704,57,04,Aransas,,,,
5705,57,05,Archer,,,,
5706,57,06,Armstrong,,,,
5707,57,07,Atascosa,,,,
5708,57,08,Austin,,,,
5709,57,09,Bailey,,,,
5710,57,10,Bandera,,,,
5711,57,11,Bastrop,,,,
5712,57,12,Baylor,,,,
5713,57,13,Bee,,,,
5714,57,14,Bell,,,,
5715,57,15,Bexar,,,,
5716,57,16,Blanco,,,,
5717,57,17,Borden,,,,
5718,57,18,Bosque,,,,
5719,57,19,Bowie,,,,
5720,57,20,Brazoria,,,,
5721,57,21,Brazos,,,,
5722,57,22,Brewster,,,,
5723,57,23,Briscoe,,,,
5724,57,24,Brooks,,,,
5725,57,25,Brown,,,,
5726,57,26,Burleson,,,,
5727,57,27,Burnet,,,,
5728,57,28,Caldwell,,,,
5729,57,29,Calhoun,,,,
5730,57,30,Callahan,,,,
5731,57,31,Cameron,,,,
5732,57,32,Camp,,,,
5733,57,33,Carson,,,,
5734,57,34,Cass,,,,
5735,57,35,Castro,,,,
5736,57,36,Chambers,,,,
5737,57,37,Cherokee,,,,
5738,57,38,Childress,,,,
5739,57,39,Clay,,,,
5740,57,40,Cochran,,,,
5741,57,41,Coke,,,,
5742,57,42,Coleman,,,,
5743,57,43,Collin,,,,
5744,57,44,Collingsworth,,,,
5745,57,45,Colorado,,,,
5746,57,46,Comal,,,,
5747,57,47,Comanche,,,,
5748,57,48,Concho,,,,
5749,57,49,Cooke,,,,
5750,57,50,Coryell,,,,
5751,57,51,Cottle,,,,
5752,57,52,Crane,,,,
5753,57,53,Crockett,,,,
5754,57,54,Crosby,,,,
5755,57,55,Culberson,,,,
5756,57,56,Dallam,,,,
5757,57,57,Dallas,,,,
5758,57,58,Dawson,,,,
5759,57,59,DeWitt,,,,
5760,57,60,Deaf Smith,,,,
5761,57,61,Delta,,,,
5762,57,62,Denton,,,,
5763,57,63,Dickens,,,,
5764,57,64,Dimmit,,,,
5765,57,65,Donley,,,,
5766,57,66,Duval,,,,
5767,57,67,Eastland,,,,
5768,57,68,Ector,,,,
5769,57,69,Edwards,,,,
5770,57,70,El Paso,,,,
5771,57,71,Ellis,,,,
5772,57,72,Erath,,,,
5773,57,73,Falls,,,,
5774,57,74,Fannin,,,,
5775,57,75,Fayette,,,,
5776,57,76,Fisher,,,,
5777,57,77,Floyd,,,,
5778,57,78,Foard,,,,
5779,57,79,Fort Bend,,,,
5780,57,80,Franklin,,,,
5781,57,81,Freestone,,,,
5782,57,82,Frio,,,,
5783,57,83,Gaines,,,,
5784,57,84,Galveston,,,,
5785,57,85,Garza,,,,
5786,57,86,Gillespie,,,,
5787,57,87,Glasscock,,,,
5788,57,88,Goliad,,,,
5789,57,89,Gonzales,,,,
5790,57,90,Gray,,,,
5791,57,91,Grayson,,,,
5792,57,92,Gregg,,,,
5793,57,93,Grimes,,,,
5794,57,94,Guadalupe,,,,
5795,57,95,Hale,,,,
5796,57,96,Hall,,,,
5797,57,97,Hamilton,,,,
5798,57,98,Hansford,,,,
5799,57,99,Hardeman,,,,
57A1,57,A1,Hardin,,,,
57A2,57,A2,Harris,,,,
57A3,57,A3,Harrison,,,,
57A4,57,A4,Hartley,,,,
57A5,57,A5,Haskell,,,,
57A6,57,A6,Hays,,,,
57A7,57,A7,Hemphill,,,,
57A8,57,A8,Henderson,,,,
57A9,57,A9,Hidalgo,,,,
57B1,57,B1,Hill,,,,
57B2,57,B2,Hockley,,,,
57B3,57,B3,Hood,,,,
57B4,57,B4,Hopkins,,,,
57B5,57,B5,Houston,,,,
57B6,57,B6,Howard,,,,
57B7,57,B7,Hudspeth,,,,
57B8,57,B8,Hunt,,,,
57B9,57,B9,Hutchinson,,,,
57C1,57,C1,Irion,,,,
57C2,57,C2,Jack,,,,
57C3,57,C3,Jackson,,,,
57C4,57,C4,Jasper,,,,
57C5,57,C5,Jeff Davis,,,,
57C6,57,C6,Jefferson,,,,
57C7,57,C7,Jim Hogg,,,,
57C8,57,C8,Jim Wells,,,,
57C9,57,C9,Johnson,,,,
57D1,57,D1,Jones,,,,
57D2,57,D2,Karnes,,,,
57D3,57,D3,Kaufman,,,,
57D4,57,D4,Kendall,,,,
57D5,57,D5,Kenedy,,,,
57D6,57,D6,Kent,,,,
57D7,57,D7,Kerr,,,,
57D8,57,D8,Kimble,,,,
57D9,57,D9,King,,,,
57E1,57,E1,Kinney,,,,
57E2,57,E2,Kleberg,,,,
57E3,57,E3,Knox,,,,
57E4,57,E4,La Salle,,,,
57E5,57,E5,Lamar,,,,
57E6,57,E6,Lamb,,,,
57E7,57,E7,Lampasas,,,,
57E8,57,E8,Lavaca,,,,
57E9,57,E9,Lee,,,,
57F1,57,F1,Leon,,,,
57F2,57,F2,Liberty,,,,
57F3,57,F3,Limestone,,,,
57F4,57,F4,Lipscomb,,,,
57F5,57,F5,Live Oak,,,,
57F6,57,F6,Llano,,,,
57F7,57,F7,Loving,,,,
57F8,57,F8,Lubbock,,,,
57F9,57,F9,Lynn,,,,
57G1,57,G1,Madison,,,,
57G2,57,G2,Marion,,,,
57G3,57,G3,Martin,,,,
57G4,57,G4,Mason,,,,
57G5,57,G5,Matagorda,,,,
57G6,57,G6,Maverick,,,,
57G7,57,G7,McCulloch,,,,
57G8,57,G8,McLennan,,,,
57G9,57,G9,McMullen,,,,
57H1,57,H1,Medina,,,,
57H2,57,H2,Menard,,,,
57H3,57,H3,Midland,,,,
57H4,57,H4,Milam,,,,
57H5,57,H5,Mills,,,,
57H6,57,H6,Mitchell,,,,
57H7,57,H7,Montague,,,,
57H8,57,H8,Montgomery,,,,
57H9,57,H9,Moore,,,,
57I1,57,I1,Morris,,,,
57I2,57,I2,Motley,,,,
57I3,57,I3,Nacogdoches,,,,
57I4,57,I4,Navarro,,,,
57I5,57,I5,Newton,,,,
57I6,57,I6,Nolan,,,,
57I7,57,I7,Nueces,,,,
57I8,57,I8,Ochiltree,,,,
57I9,57,I9,Oldham,,,,
57J1,57,J1,Orange,,,,
57J2,57,J2,Palo Pinto,,,,
57J3,57,J3,Panola,,,,
57J4,57,J4,Parker,,,,
57J5,57,J5,Parmer,,,,
57J6,57,J6,Pecos,,,,
57J7,57,J7,Polk,,,,
57J8,57,J8,Potter,,,,
57J9,57,J9,Presidio,,,,
57K1,57,K1,Rains,,,,
57K2,57,K2,Randall,,,,
57K3,57,K3,Reagan,,,,
57K4,57,K4,Real,,,,
57K5,57,K5,Red River,,,,
57K6,57,K6,Reeves,,,,
57K7,57,K7,Refugio,,,,
57K8,57,K8,Roberts,,,,
57K9,57,K9,Robertson,,,,
57L1,57,L1,Rockwall,,,,
57L2,57,L2,Runnels,,,,
57L3,57,L3,Rusk,,,,
57L4,57,L4,Sabine,,,,
57L5,57,L5,San Augustine,,,,
57L6,57,L6,San Jacinto,,,,
57L7,57,L7,San Patricio,,,,
57L8,57,L8,San Saba,,,,
57L9,57,L9,Schleicher,,,,
57O1,57,O1,Scurry,,,,
57O2,57,O2,Shackelford,,,,
57O3,57,O3,Shelby,,,,
57O4,57,O4,Sherman,,,,
57O5,57,O5,Smith,,,,
57O6,57,O6,Somervell,,,,
57O7,57,O7,Starr,,,,
57O8,57,O8,Stephens,,,,
57O9,57,O9,Sterling,,,,
57P1,57,P1,Stonewall,,,,
57P2,57,P2,Sutton,,,,
57P3,57,P3,Swisher,,,,
57P4,57,P4,Tarrant,,,,
57P5,57,P5,Taylor,,,,
57P6,57,P6,Terrell,,,,
57P7,57,P7,Terry,,,,
57P8,57,P8,Throckmorton,,,,
57P9,57,P9,Titus,,,,
57Q1,57,Q1,Tom Green,,,,
57Q2,57,Q2,Travis,,,,
57Q3,57,Q3,Trinity,,,,
57Q4,57,Q4,Tyler,,,,
57Q5,57,Q5,Upshur,,,,
57Q6,57,Q6,Upton,,,,
57Q7,57,Q7,Uvalde,,,,
57Q8,57,Q8,Val Verde,,,,
57Q9,57,Q9,Van Zandt,,,,
57R1,57,R1,Victoria,,,,
57R2,57,R2,Walker,,,,
57R3,57,R3,Waller,,,,
57R4,57,R4,Ward,,,,
57R5,57,R5,Washington,,,,
57R6,57,R6,Webb,,,,
57R7,57,R7,Wharton,,,,
57R8,57,R8,Wheeler,,,,
57R9,57,R9,Wichita,,,,
57S1,57,S1,Wilbarger,,,,
57S2,57,S2,Willacy,,,,
57S3,57,S3,Williamson,,,,
57S4,57,S4,Wilson,,,,
57S5,57,S5,Winkler,,,,
57S6,57,S6,Wise,,,,
57S7,57,S7,Wood,,,,
57S8,57,S8,Yoakum,,,,
57S9,57,S9,Young,,,,
57T1,57,T1,Zapata,,,,
57T2,57,T2,Zavala,,,,
5801,58,01,Beaver,,,,
5802,58,02,Box Elder,,,,
5803,58,03,Cache,,,,
5804,58,04,Carbon,,,,
5805,58,05,Daggett,,,,
5806,58,06,Davis,,,,
5807,58,07,Duchesne,,,,
5808,58,08,Emery,,,,
5809,58,09,Garfield,,,,
5810,58,10,Grand,,,,
5811,58,11,Iron,,,,
5812,58,12,Juab,,,,
5813,58,13,Kane,,,,
5814,58,14,Millard,,,,
5815,58,15,Morgan,,,,
5816,58,16,Piute,,,,
5817,58,17,Rich,,,,
5818,58,18,Salt Lake,,,,
5819,58,19,San Juan,,,,
5820,58,20,Sanpete,,,,
5821,58,21,Sevier,,,,
5822,58,22,Summit,,,,
5823,58,23,Tooele,,,,
5824,58,24,Uintah,,,,
5825,58,25,Utah,,,,
5826,58,26,Wasatch,,,,
5827,58,27,Washington,,,,
5828,58,28,Wayne,,,,
5829,58,29,Weber,,,,
5901,59,01,Addison,,,,
5902,59,02,Bennington,,,,
5903,59,03,Caledonia,,,,
5904,59,04,Chittenden,,,,
5905,59,05,Essex,,,,
5906,59,06,Franklin,,,,
5907,59,07,Grand Isle,,,,
5908,59,08,Lamoille,,,,
5909,59,09,Orange,,,,
5910,59,10,Orleans,,,,
5911,59,11,Rutland,,,,
5912,59,12,Washington,,,,
5913,59,13,Windham,,,,
5914,59,14,Windsor,,,,
6001,60,01,Accomack,,,,
6002,60,02,Albemarle,,,,
6003,60,03,Alexandria,,,,
6004,60,04,Alleghany,,,,
6005,60,05,Amelia,,,,
6006,60,06,Amherst,,,,
6007,60,07,Appomattox,,,,
6008,60,08,Arlington,,,,
6009,60,09,Augusta,,,,
6010,60,10,Bath,,,,
6011,60,11,Bedford,,,,
6012,60,12,Bland,,,,
6013,60,13,Botetourt,,,,
6014,60,14,Bristol,,,,
6015,60,15,Brunswick,,,,
6016,60,16,Buchanan,,,,
6017,60,17,Buckingham,,,,
6018,60,18,Buena Vista,,,,
6019,60,19,Campbell,,,,
6020,60,20,Caroline,,,,
6021,60,21,Carroll,,,,
6022,60,22,Charles City,,,,
6023,60,23,Charlotte,,,,
6024,60,24,Charlottesville,,,,
6025,60,25,Chesapeake,,,,
6026,60,26,Chesterfield,,,,
6027,60,27,Clarke,,,,
6028,60,28,Colonial Heights,,,,
6029,60,29,Covington,,,,
6030,60,30,Craig,,,,
6031,60,31,Culpeper,,,,
6032,60,32,Cumberland,,,,
6033,60,33,Danville,,,,
6034,60,34,Dickenson,,,,
6035,60,35,Dinwiddie,,,,
6036,60,36,Emporia,,,,
6037,60,37,Essex,,,,
6038,60,38,Fairfax,,,,
6039,60,39,Fairfax,,,,
6040,60,40,Falls Church,,,,
6041,60,41,Fauquier,,,,
6042,60,42,Floyd,,,,
6043,60,43,Fluvanna,,,,
6044,60,44,Franklin,,,,
6045,60,45,Franklin,,,,
6046,60,46,Frederick,,,,
6047,60,47,Fredericksburg,,,,
6048,60,48,Galax,,,,
6049,60,49,Giles,,,,
6050,60,50,Gloucester,,,,
6051,60,51,Goochland,,,,
6052,60,52,Grayson,,,,
6053,60,53,Greene,,,,
6054,60,54,Greensville,,,,
6055,60,55,Halifax,,,,
6056,60,56,Hampton,,,,
6057,60,57,Hanover,,,,
6058,60,58,Harrisonburg,,,,
6059,60,59,Henrico,,,,
6060,60,60,Henry,,,,
6061,60,61,Highland,,,,
6062,60,62,Hopewell,,,,
6063,60,63,Isle of Wight,,,,
6064,60,64,James City,,,,
6065,60,65,King George,,,,
6066,60,66,King William,,,,
6067,60,67,King and Queen,,,,
6068,60,68,Lancaster,,,,
6069,60,69,Lee,,,,
6070,60,70,Lexington,,,,
6071,60,71,Loudoun,,,,
6072,60,72,Louisa,,,,
6073,60,73,Lunenburg,,,,
6074,60,74,Lynchburg,,,,
6075,60,75,Madison,,,,
6076,60,76,Manassas,,,,
6077,60,77,Manassas Park,,,,
6078,60,78,Martinsville,,,,
6079,60,79,Mathews,,,,
6080,60,80,Mecklenburg,,,,
6081,60,81,Middlesex,,,,
6082,60,82,Montgomery,,,,
6083,60,83,Nelson,,,,
6084,60,84,New Kent,,,,
6085,60,85,Newport News,,,,
6086,60,86,Norfolk,,,,
6087,60,87,Northampton,,,,
6088,60,88,Northumberland,,,,
6089,60,89,Norton,,,,
6090,60,90,Nottoway,,,,
6091,60,91,Orange,,,,
6092,60,92,Page,,,,
6093,60,93,Patrick,,,,
6094,60,94,Petersburg,,,,
6095,60,95,Pittsylvania,,,,
6096,60,96,Poquoson,,,,
6097,60,97,Portsmouth,,,,
6098,60,98,Powhatan,,,,
6099,60,99,Prince Edward,,,,
60A1,60,A1,Prince George,,,,
60A2,60,A2,Prince William,,,,
60A3,60,A3,Pulaski,,,,
60A4,60,A4,Radford,,,,
60A5,60,A5,Rappahannock,,,,
60A6,60,A6,Richmond,,,,
60A7,60,A7,Richmond,,,,
60A8,60,A8,Roanoke,,,,
60A9,60,A9,Roanoke,,,,
60B1,60,B1,Rockbridge,,,,
60B2,60,B2,Rockingham,,,,
60B3,60,B3,Russell,,,,
60B4,60,B4,Salem,,,,
60B5,60,B5,Scott,,,,
60B6,60,B6,Shenandoah,,,,
60B7,60,B7,Smyth,,,,
60B8,60,B8,Southampton,,,,
60B9,60,B9,Spotsylvania,,,,
60C1,60,C1,Stafford,,,,
60C2,60,C2,Staunton,,,,
60C3,60,C3,Suffolk,,,,
60C4,60,C4,Surry,,,,
60C5,60,C5,Sussex,,,,
60C6,60,C6,Tazewell,,,,
60C7,60,C7,Virginia Beach,,,,
60C8,60,C8,Warren,,,,
60C9,60,C9,Washington,,,,
60D1,60,D1,Waynesboro,,,,
60D2,60,D2,Westmoreland,,,,
60D3,60,D3,Williamsburg,,,,
60D4,60,D4,Winchester,,,,
60D5,60,D5,Wise,,,,
60D6,60,D6,Wythe,,,,
60D7,60,D7,York,,,,
6101,61,01,Barbour,,,,
6102,61,02,Berkeley,,,,
6103,61,03,Boone,,,,
6104,61,04,Braxton,,,,
6105,61,05,Brooke,,,,
6106,61,06,Cabell,,,,
6107,61,07,Calhoun,,,,
6108,61,08,Clay,,,,
6109,61,09,Doddridge,,,,
6110,61,10,Fayette,,,,
6111,61,11,Gilmer,,,,
6112,61,12,Grant,,,,
6113,61,13,Greenbrier,,,,
6114,61,14,Hampshire,,,,
6115,61,15,Hancock,,,,
6116,61,16,Hardy,,,,
6117,61,17,Harrison,,,,
6118,61,18,Jackson,,,,
6119,61,19,Jefferson,,,,
6120,61,20,Kanawha,,,,
6121,61,21,Lewis,,,,
6122,61,22,Lincoln,,,,
6123,61,23,Logan,,,,
6124,61,24,Marion,,,,
6125,61,25,Marshall,,,,
6126,61,26,Mason,,,,
6127,61,27,McDowell,,,,
6128,61,28,Mercer,,,,
6129,61,29,Mineral,,,,
6130,61,30,Mingo,,,,
6131,61,31,Monongalia,,,,
6132,61,32,Monroe,,,,
6133,61,33,Morgan,,,,
6134,61,34,Nicholas,,,,
6135,61,35,Ohio,,,,
6136,61,36,Pendleton,,,,
6137,61,37,Pleasants,,,,
6138,61,38,Pocahontas,,,,
6139,61,39,Preston,,,,
6140,61,40,Putnam,,,,
6141,61,41,Raleigh,,,,
6142,61,42,Randolph,,,,
6143,61,43,Ritchie,,,,
6144,61,44,Roane,,,,
6145,61,45,Summers,,,,
6146,61,46,Taylor,,,,
6147,61,47,Tucker,,,,
6148,61,48,Tyler,,,,
6149,61,49,Upshur,,,,
6150,61,50,Wayne,,,,
6151,61,51,Webster,,,,
6152,61,52,Wetzel,,,,
6153,61,53,Wirt,,,,
6154,61,54,Wood,,,,
6155,61,55,Wyoming,,,,
6201,62,01,Adams,,,,
6202,62,02,Asotin,,,,
6203,62,03,Benton,,,,
6204,62,04,Chelan,,,,
6205,62,05,Clallam,,,,
6206,62,06,Clark,,,,
6207,62,07,Columbia,,,,
6208,62,08,Cowlitz,,,,
6209,62,09,Douglas,,,,
6210,62,10,Ferry,,,,
6211,62,11,Franklin,,,,
6212,62,12,Garfield,,,,
6213,62,13,Grant,,,,
6214,62,14,Grays Harbor,,,,
6215,62,15,Island,,,,
6216,62,16,Jefferson,,,,
6217,62,17,King,,,,
6218,62,18,Kitsap,,,,
6219,62,19,Kittitas,,,,
6220,62,20,Klickitat,,,,
6221,62,21,Lewis,,,,
6222,62,22,Lincoln,,,,
6223,62,23,Mason,,,,
6224,62,24,Okanogan,,,,
6225,62,25,Pacific,,,,
6226,62,26,Pend Oreille,,,,
6227,62,27,Pierce,,,,
6228,62,28,San Juan,,,,
6229,62,29,Skagit,,,,
6230,62,30,Skamania,,,,
6231,62,31,Snohomish,,,,
6232,62,32,Spokane,,,,
6233,62,33,Stevens,,,,
6234,62,34,Thurston,,,,
6235,62,35,Wahkiakum,,,,
6236,62,36,Walla Walla,,,,
6237,62,37,Whatcom,,,,
6238,62,38,Whitman,,,,
6239,62,39,Yakima,,,,
6301,63,01,Adams,,,,
6302,63,02,Ashland,,,,
6303,63,03,Barron,,,,
6304,63,04,Bayfield,,,,
6305,63,05,Brown,,,,
6306,63,06,Buffalo,,,,
6307,63,07,Burnett,,,,
6308,63,08,Calumet,,,,
6309,63,09,Chippewa,,,,
6310,63,10,Clark,,,,
6311,63,11,Columbia,,,,
6312,63,12,Crawford,,,,
6313,63,13,Dane,,,,
6314,63,14,Dodge,,,,
6315,63,15,Door,,,,
6316,63,16,Douglas,,,,
6317,63,17,Dunn,,,,
6318,63,18,Eau Claire,,,,
6319,63,19,Florence,,,,
6320,63,20,Fond du Lac,,,,
6321,63,21,Forest,,,,
6322,63,22,Grant,,,,
6323,63,23,Green,,,,
6324,63,24,Green Lake,,,,
6325,63,25,Iowa,,,,
6326,63,26,Iron,,,,
6327,63,27,Jackson,,,,
6328,63,28,Jefferson,,,,
6329,63,29,Juneau,,,,
6330,63,30,Kenosha,,,,
6331,63,31,Kewaunee,,,,
6332,63,32,La Crosse,,,,
6333,63,33,Lafayette,,,,
6334,63,34,Langlade,,,,
6335,63,35,Lincoln,,,,
6336,63,36,Manitowoc,,,,
6337,63,37,Marathon,,,,
6338,63,38,Marinette,,,,
6339,63,39,Marquette,,,,
6340,63,40,Menominee,,,,
6341,63,41,Milwaukee,,,,
6342,63,42,Monroe,,,,
6343,63,43,Oconto,,,,
6344,63,44,Oneida,,,,
6345,63,45,Outagamie,,,,
6346,63,46,Ozaukee,,,,
6347,63,47,Pepin,,,,
6348,63,48,Pierce,,,,
6349,63,49,Polk,,,,
6350,63,50,Portage,,,,
6351,63,51,Price,,,,
6352,63,52,Racine,,,,
6353,63,53,Richland,,,,
6354,63,54,Rock,,,,
6355,63,55,Rusk,,,,
6356,63,56,Sauk,,,,
6357,63,57,Sawyer,,,,
6358,63,58,Shawano,,,,
6359,63,59,Sheboygan,,,,
6360,63,60,St. Croix,,,,
6361,63,61,Taylor,,,,
6362,63,62,Trempealeau,,,,
6363,63,63,Vernon,,,,
6364,63,64,Vilas,,,,
6365,63,65,Walworth,,,,
6366,63,66,Washburn,,,,
6367,63,67,Washington,,,,
6368,63,68,Waukesha,,,,
6369,63,69,Waupaca,,,,
6370,63,70,Waushara,,,,
6371,63,71,Winnebago,,,,
6372,63,72,Wood,,,,
6473,64,73,Albany,,,,
6474,64,74,Big Horn,,,,
6475,64,75,Campbell,,,,
6476,64,76,Carbon,,,,
6477,64,77,Converse,,,,
6478,64,78,Crook,,,,
6479,64,79,Fremont,,,,
6480,64,80,Goshen,,,,
6481,64,81,Hot Springs,,,,
6482,64,82,Johnson,,,,
6483,64,83,Laramie,,,,
6484,64,84,Lincoln,,,,
6485,64,85,Natrona,,,,
6486,64,86,Niobrara,,,,
6487,64,87,Park,,,,
6488,64,88,Platte,,,,
6489,64,89,Sheridan,,,,
6490,64,90,Sublette,,,,
6491,64,91,Sweetwater,,,,
6492,64,92,Teton,,,,
6493,64,93,Uinta,,,,
6494,64,94,Washakie,,,,
6495,64,95,Weston,,,,
6501,65,01,Adjuntas,,,,
6502,65,02,Aguada,,,,
6503,65,03,Aguadilla,,,,
6504,65,04,Aguas Buenas,,,,
6505,65,05,Aibonito,,,,
6506,65,06,Arecibo,,,,
6507,65,07,Arroyo,,,,
6508,65,08,Añasco,,,,
6509,65,09,Barceloneta,,,,
6510,65,10,Barranquitas,,,,
6511,65,11,Bayamón,,,,
6512,65,12,Cabo Rojo,,,,
6513,65,13,Caguas,,,,
6514,65,14,Camuy,,,,
6515,65,15,Canóvanas,,,,
6516,65,16,Carolina,,,,
6517,65,17,Cataño,,,,
6518,65,18,Cayey,,,,
6519,65,19,Ceiba,,,,
6520,65,20,Ciales,,,,
6521,65,21,Cidra,,,,
6522,65,22,Coamo,,,,
6523,65,23,Comerío,,,,
6524,65,24,Corozal,,,,
6525,65,25,Culebra,,,,
6526,65,26,Dorado,,,,
6527,65,27,Fajardo,,,,
6528,65,28,Florida,,,,
6529,65,29,Guayama,,,,
6530,65,30,Guayanilla,,,,
6531,65,31,Guaynabo,,,,
6532,65,32,Gurabo,,,,
6533,65,33,Guánica,,,,
6534,65,34,Hatillo,,,,
6535,65,35,Hormigueros,,,,
6536,65,36,Humacao,,,,
6537,65,37,Isabela,,,,
6538,65,38,Jayuya,,,,
6539,65,39,Juana Díaz,,,,
6540,65,40,Juncos,,,,
6541,65,41,Lajas,,,,
6542,65,42,Lares,,,,
6543,65,43,Las Marías,,,,
6544,65,44,Las Piedras,,,,
6545,65,45,Loíza,,,,
6546,65,46,Luquillo,,,,
6547,65,47,Manatí,,,,
6548,65,48,Maricao,,,,
6549,65,49,Maunabo,,,,
6550,65,50,Mayagüez,,,,
6551,65,51,Moca,,,,
6552,65,52,Morovis,,,,
6553,65,53,Naguabo,,,,
6554,65,54,Naranjito,,,,
6555,65,55,Orocovis,,,,
6556,65,56,Patillas,,,,
6557,65,57,Peñuelas,,,,
6558,65,58,Ponce,,,,
6559,65,59,Quebradillas,,,,
6560,65,60,Rincón,,,,
6561,65,61,Río Grande,,,,
6562,65,62,Sabana Grande,,,,
6563,65,63,Salinas,,,,
6564,65,64,San Germán,,,,
6565,65,65,San Juan,,,,
6566,65,66,San Lorenzo,,,,
6567,65,67,San Sebastián,,,,
6568,65,68,Santa Isabel,,,,
6569,65,69,Toa Alta,,,,
6570,65,70,Toa Baja,,,,
6571,65,71,Trujillo Alto,,,,
6572,65,72,Utuado,,,,
6573,65,73,Vega Alta,,,,
6574,65,74,Vega Baja,,,,
6575,65,75,Vieques,,,,
6576,65,76,Villalba,,,,
6577,65,77,Yabucoa,,,,
6578,65,78,Yauco,,,,
6601,66,01,Eastern District,,,,
6602,66,02,Manua District,,,,
6603,66,03,Rose Atoll,,,,
6604,66,04,Swains Island,,,,
6605,66,05,Western District,,,,
6701,67,01,"Washington, D.C.",,,,
6801,68,01,Northern Islands Municipality,,,,
6802,68,02,Rota,,,,
6803,68,03,Saipan,,,,
6804,68,04,Tinian Municipality,,,,
6901,69,01,Baker Island,,,,
6902,69,02,Howland Island,,,,
6903,69,03,Jarvis Island,,,,
6904,69,04,Johnston Atoll,,,,
6905,69,05,Kingman Reef,,,,
6906,69,06,Midway Atoll,,,,
6907,69,07,Navassa Island,,,,
6908,69,08,Palmyra Atoll,,,,
6909,69,09,Wake Island,,,,
7001,70,01,Saint Croix,,,,
7002,70,02,Saint John,,,,
7003,70,03,Saint Thomas,,,,
